analysisWdid,analysisStructure,priorityWdid,priorityStructure,sumWtdCount,analysisStreamMile,analysisNetAbs,analysisWaterDistrict,priorityStreamMile,priorityNetAbs,priorityWaterDistrict,edgeWt
3703524,SYLVAN LAKE,5300584,SHOSHONE POWER PLANT,217.0,5.26,1002.58,37,147.54,1408.0,53,217559.86000000002
3604923,CLIMAX INTEGRATED WATER SYSTEM,5300584,SHOSHONE POWER PLANT,155.0,18.46,519.3342,36,147.54,1408.0,53,80496.801
5003647,CONFLUENCE RESERVOIR,5300584,SHOSHONE POWER PLANT,93.0,2.94,17.0,50,147.54,1408.0,53,1581.0
5303955,BEAVER DAM RESERVOIR,5300584,SHOSHONE POWER PLANT,93.0,1.51,13.0,53,147.54,1408.0,53,1209.0
5104700,WINDY GAP PUMP PL CANAL,5300584,SHOSHONE POWER PLANT,93.0,257.52,600.0,51,147.54,1408.0,53,55800.0
5303966,GRIMES BROOKS RESERVOIR,5300584,SHOSHONE POWER PLANT,93.0,5.95,554.06,53,147.54,1408.0,53,51527.579999999994
5000734,DEBERARD DITCH OVERFLOW SYSTEM,5300584,SHOSHONE POWER PLANT,93.0,3.21,96.4,50,147.54,1408.0,53,8965.2
5003668,WOLFORD MOUNTAIN RESERVOIR,5300584,SHOSHONE POWER PLANT,93.0,13.16,78849.0,50,147.54,1408.0,53,7332957.0
3600709,LOBACK DITCH,5300584,SHOSHONE POWER PLANT,93.0,3.57,75.8,36,147.54,1408.0,53,7049.4
3600649,HAMILTON DAVIDSON DITCH,5300584,SHOSHONE POWER PLANT,62.0,1.56,50.39,36,147.54,1408.0,53,3124.18
3603543,GREEN MOUNTAIN RESERVOIR,5300584,SHOSHONE POWER PLANT,62.0,15.77,209199.0,36,147.54,1408.0,53,12970338.0
3603548,HOAGLAND NO 1 RESERVOIR,5300584,SHOSHONE POWER PLANT,62.0,2.97,921.5,36,147.54,1408.0,53,57133.0
5003606,ANTELOPE RESERVOIR,5300584,SHOSHONE POWER PLANT,62.0,3.34,346.5,50,147.54,1408.0,53,21483.0
5304051,BUCK POND,5300584,SHOSHONE POWER PLANT,62.0,3.61,21.4,53,147.54,1408.0,53,1326.8
5003616,HEINI RESERVOIR,5300584,SHOSHONE POWER PLANT,62.0,3.29,204.77,50,147.54,1408.0,53,12695.74
5003618,HINMAN RESERVOIR,5300584,SHOSHONE POWER PLANT,62.0,3.97,916.64,50,147.54,1408.0,53,56831.68
5100763,KINNEY BARRIGER DITCH,5300584,SHOSHONE POWER PLANT,62.0,236.23,65.0,51,147.54,1408.0,53,4030.0
3603575,CLINTON GULCH RESERVOIR,5300584,SHOSHONE POWER PLANT,62.0,18.41,8710.0,36,147.54,1408.0,53,540020.0
5003624,MARTIN LILY POND RESERVOIR,5300584,SHOSHONE POWER PLANT,62.0,52.41,803.0,50,147.54,1408.0,53,49786.0
5303976,JONES NO 3 RESERVOIR,5300584,SHOSHONE POWER PLANT,62.0,3.73,84.89,53,147.54,1408.0,53,5263.18
5103529,TIMBERLINE POND,5300584,SHOSHONE POWER PLANT,62.0,0.24,4.24,51,147.54,1408.0,53,262.88
3703684,BRETT RANCH POND,5300584,SHOSHONE POWER PLANT,62.0,0.34,7.2,37,147.54,1408.0,53,446.40000000000003
5004600,SARVIS DITCH,5300584,SHOSHONE POWER PLANT,62.0,16.44,1670.0,50,147.54,1408.0,53,103540.0
3600671,INDEPENDENT BLUE DITCH,5300584,SHOSHONE POWER PLANT,62.0,33.99,40.95,36,147.54,1408.0,53,2538.9
5303588,GORE VIEW POND,5300584,SHOSHONE POWER PLANT,62.0,222.2,14.1,53,147.54,1408.0,53,874.1999999999999
5104060,ASPEN CANYON RANCH POND 1,5300584,SHOSHONE POWER PLANT,62.0,0.31,8.0,51,147.54,1408.0,53,496.0
5003645,BINCO RESERVOIR,5300584,SHOSHONE POWER PLANT,62.0,4.5,1033.94,50,147.54,1408.0,53,64104.280000000006
5003646,MARTIN RESERVOIR,5300584,SHOSHONE POWER PLANT,62.0,0.0,216.15,50,147.54,1408.0,53,13401.300000000001
5003648,LEWIS RESERVOIR,5300584,SHOSHONE POWER PLANT,62.0,5.66,93.24,50,147.54,1408.0,53,5780.88
5003649,HEINI-KRAMER RESERVOIR,5300584,SHOSHONE POWER PLANT,62.0,5.0,38.2,50,147.54,1408.0,53,2368.4
5303518,WASHBURN CABIN POND,5300584,SHOSHONE POWER PLANT,62.0,7.25,28.0,53,147.54,1408.0,53,1736.0
5003651,BASIN RESERVOIR,5300584,SHOSHONE POWER PLANT,62.0,43.8,233.38,50,147.54,1408.0,53,14469.56
3700848,WARREN DITCH,5300584,SHOSHONE POWER PLANT,62.0,21.44,35.466,37,147.54,1408.0,53,2198.8920000000003
3603624,SWAN RIVER WATER SYSTEM PONDS,5300584,SHOSHONE POWER PLANT,62.0,1.41,56.0,36,147.54,1408.0,53,3472.0
5003655,MILK CREEK RESERVOIR,5300584,SHOSHONE POWER PLANT,62.0,2.67,185.05,50,147.54,1408.0,53,11473.1
5000768,MARTIN LILY POND FEEDER DITCH,5300584,SHOSHONE POWER PLANT,62.0,54.19,33.45,50,147.54,1408.0,53,2073.9
3702056,MIN FLOW GORE CR LOWER,5300584,SHOSHONE POWER PLANT,62.0,0.01,36.0,37,147.54,1408.0,53,2232.0
5203940,JONES RESERVOIR,5300584,SHOSHONE POWER PLANT,62.0,1.86,69.1942,52,147.54,1408.0,53,4290.0404
3604692,CON-HOOSIER - EAST HOOSIER DITCH CLAIM 1,5300584,SHOSHONE POWER PLANT,62.0,0.41,60.0,36,147.54,1408.0,53,3720.0
3703596,COTTON POND,5300584,SHOSHONE POWER PLANT,62.0,1.42,10.114,37,147.54,1408.0,53,627.0680000000001
3703545,CAMP HALE POND NO 1,5300584,SHOSHONE POWER PLANT,62.0,60.22,19.0,37,147.54,1408.0,53,1178.0
3703600,BENCHMARK LAKE,5300584,SHOSHONE POWER PLANT,62.0,37.52,271.8686,37,147.54,1408.0,53,16855.8532
5103750,FRASER VALLEY DOWNSTREAM RESERVOIR,5300584,SHOSHONE POWER PLANT,62.0,15.28,5.5,51,147.54,1408.0,53,341.0
5103752,KINGS RESERVOIR,5300584,SHOSHONE POWER PLANT,62.0,3.42,1127.35,51,147.54,1408.0,53,69895.7
5304041,HEWES RESERVOIR NO 4,5300584,SHOSHONE POWER PLANT,62.0,22.0,6.0,53,147.54,1408.0,53,372.0
5104007,GLENN POND NO 1,5300584,SHOSHONE POWER PLANT,62.0,5.59,4.74,51,147.54,1408.0,53,293.88
5103709,WILLIAMS FORK RESERVOIR,5300584,SHOSHONE POWER PLANT,62.0,2.22,187274.0,51,147.54,1408.0,53,11610988.0
3703608,BLACK LAKE,5300584,SHOSHONE POWER PLANT,62.0,7.56,396.36,37,147.54,1408.0,53,24574.32
5104008,GLENN POND NO 2,5300584,SHOSHONE POWER PLANT,62.0,5.5,2.28,51,147.54,1408.0,53,141.35999999999999
5103720,VAGABOND RANCH POND,5300584,SHOSHONE POWER PLANT,62.0,29.9,1.884,51,147.54,1408.0,53,116.80799999999999
3703516,G G LOWER RESERVOIR,5300584,SHOSHONE POWER PLANT,62.0,7.6,36.52,37,147.54,1408.0,53,2264.2400000000002
5104021,MEADOW SPRINGS RESERVOIR,5300584,SHOSHONE POWER PLANT,62.0,3.19,2.21,51,147.54,1408.0,53,137.02
3703517,G G RESERVOIR,5300584,SHOSHONE POWER PLANT,62.0,9.27,192.78,37,147.54,1408.0,53,11952.36
5000617,MCMAHON DITCH,5300584,SHOSHONE POWER PLANT,62.0,10.86,4094.0,50,147.54,1408.0,53,253828.0
5203946,OXFORD RESERVOIR,5300584,SHOSHONE POWER PLANT,62.0,200.7,76.1,52,147.54,1408.0,53,4718.2
5102048,MIN LEVEL STONE LAKE,5300584,SHOSHONE POWER PLANT,31.0,4.1,24.0,51,147.54,1408.0,53,744.0
5102040,MIN LEVEL BLUE LAKE,5300584,SHOSHONE POWER PLANT,31.0,292.61,16.0,51,147.54,1408.0,53,496.0
5102113,MIN FLOW FRASER RIVER RANCH CK - CROOKED CK,5300584,SHOSHONE POWER PLANT,31.0,13.59,17.0,51,147.54,1408.0,53,527.0
5102041,MIN LEVEL BOWEN LAKE,5300584,SHOSHONE POWER PLANT,31.0,291.09,220.0,51,147.54,1408.0,53,6820.0
5102039,MIN FLOW WILLIAMS FORK RIVER,5300584,SHOSHONE POWER PLANT,31.0,5.74,57.0,51,147.54,1408.0,53,1767.0
5102112,MIN FLOW ST LOUIS CK - WEST ST LOUIS-KING CREEK,5300584,SHOSHONE POWER PLANT,31.0,4.41,11.0,51,147.54,1408.0,53,341.0
5102042,MIN LEVEL CARIBOU LAKE,5300584,SHOSHONE POWER PLANT,31.0,16.09,28.0,51,147.54,1408.0,53,868.0
5102043,MIN LEVEL COLUMBINE LAKE,5300584,SHOSHONE POWER PLANT,31.0,12.89,10.0,51,147.54,1408.0,53,310.0
5102037,MIN FLOW COLORADO RIVER WILLIAMS FK-TROUBLESOME,5300584,SHOSHONE POWER PLANT,31.0,242.9,135.0,51,147.54,1408.0,53,4185.0
5102069,MIN FLOW COLORADO RIVER RANGER CK-GRANBY RESERVOIR,5300584,SHOSHONE POWER PLANT,31.0,272.61,50.0,51,147.54,1408.0,53,1550.0
5102047,MIN LEVEL PAWNEE LAKE,5300584,SHOSHONE POWER PLANT,31.0,3.22,242.0,51,147.54,1408.0,53,7502.0
5102109,MIN FLOW FRASER RIVER ST LOUIS CK - RANCH CK,5300584,SHOSHONE POWER PLANT,31.0,13.94,17.0,51,147.54,1408.0,53,527.0
5102044,MIN LEVEL CRATER LAKE,5300584,SHOSHONE POWER PLANT,31.0,3.72,1560.0,51,147.54,1408.0,53,48360.0
5102096,MIN FLOW FRASER RIVER VASQUEZ - ST LOUIS,5300584,SHOSHONE POWER PLANT,31.0,18.87,11.0,51,147.54,1408.0,53,341.0
5102114,MIN FLOW FRASER RIVER CROOKED CK - COLORADO RIVER,5300584,SHOSHONE POWER PLANT,31.0,13.59,30.0,51,147.54,1408.0,53,930.0
5102045,MIN LEVEL GOURD LAKE,5300584,SHOSHONE POWER PLANT,31.0,4.3,35.0,51,147.54,1408.0,53,1085.0
5102038,MIN FLOW COLORADO RIVER WINDY GAP-WILLIAMS FORK,5300584,SHOSHONE POWER PLANT,31.0,257.46,90.0,51,147.54,1408.0,53,2790.0
5102046,MIN LEVEL PARIKA LAKE,5300584,SHOSHONE POWER PLANT,31.0,295.58,17.0,51,147.54,1408.0,53,527.0
5102089,MIN FLOW COLORADO RIVER GRANBY OUTLET-FRASER,5300584,SHOSHONE POWER PLANT,31.0,266.25,40.0,51,147.54,1408.0,53,1240.0
5102070,MIN FLOW ARAPAHO CREEK,5300584,SHOSHONE POWER PLANT,31.0,6.37,20.0,51,147.54,1408.0,53,620.0
5102068,MIN FLOW NORTH FORK COLORADO RIVER,5300584,SHOSHONE POWER PLANT,31.0,277.89,18.0,51,147.54,1408.0,53,558.0
5102111,MIN FLOW ST LOUIS CK - EAST ST LOUIS-WEST ST LOUIS,5300584,SHOSHONE POWER PLANT,31.0,5.76,11.0,51,147.54,1408.0,53,341.0
5103526,CORRAL CREEK WETLAND NO1,5300584,SHOSHONE POWER PLANT,31.0,0.0,26.8,51,147.54,1408.0,53,830.8000000000001
5102115,MIN FLOW WILLOW CREEK CABIN CK - BLM,5300584,SHOSHONE POWER PLANT,31.0,14.0,30.0,51,147.54,1408.0,53,930.0
5103652,CLAYTON RESERVOIR NO 1,5300584,SHOSHONE POWER PLANT,31.0,5.33,2.27,51,147.54,1408.0,53,70.37
5103716,EASTWIND NO 1 RESERVOIR,5300584,SHOSHONE POWER PLANT,31.0,0.97,8.0,51,147.54,1408.0,53,248.0
5103714,CURTIS PARK RESERVOIR,5300584,SHOSHONE POWER PLANT,31.0,6.94,15.1,51,147.54,1408.0,53,468.09999999999997
5103713,CONRICK RESERVOIR,5300584,SHOSHONE POWER PLANT,31.0,12.25,14.14,51,147.54,1408.0,53,438.34000000000003
5103695,CBT SHADOW MOUNTAIN LAKE,5300584,SHOSHONE POWER PLANT,31.0,272.87,19669.0,51,147.54,1408.0,53,609739.0
5103694,SCHOLL RESERVOIR,5300584,SHOSHONE POWER PLANT,31.0,5.93,321.8,51,147.54,1408.0,53,9975.800000000001
5103693,ROCK CREEK RESERVOIR,5300584,SHOSHONE POWER PLANT,31.0,2.15,193.0,51,147.54,1408.0,53,5983.0
5103688,MUSGRAVE RESERVOIR,5300584,SHOSHONE POWER PLANT,31.0,4.94,312.17,51,147.54,1408.0,53,9677.27
5103684,MARTE-LINKE RESERVOIR,5300584,SHOSHONE POWER PLANT,31.0,3.93,36.3,51,147.54,1408.0,53,1125.3
5103683,MARIETTA RESERVOIR,5300584,SHOSHONE POWER PLANT,31.0,2.12,14.86,51,147.54,1408.0,53,460.65999999999997
5103682,LITTLE BUCKAROO FISH PND,5300584,SHOSHONE POWER PLANT,31.0,291.1,1.91,51,147.54,1408.0,53,59.21
5103665,HANKINSON RESERVOIR,5300584,SHOSHONE POWER PLANT,31.0,3.31,116.7,51,147.54,1408.0,53,3617.7000000000003
5103661,F W LINKE NO 3 RESERVOIR,5300584,SHOSHONE POWER PLANT,31.0,8.09,26.16,51,147.54,1408.0,53,810.96
5103660,F W LINKE NO 2 RESERVOIR,5300584,SHOSHONE POWER PLANT,31.0,1.97,61.2,51,147.54,1408.0,53,1897.2
5103659,F W LINKE RESERVOIR,5300584,SHOSHONE POWER PLANT,31.0,8.33,12.68,51,147.54,1408.0,53,393.08
5103552,GRAND ELK POND A,5300584,SHOSHONE POWER PLANT,31.0,1.3,33.55,51,147.54,1408.0,53,1040.05
5103500,BAUMBERGER POND,5300584,SHOSHONE POWER PLANT,31.0,0.94,5.17,51,147.54,1408.0,53,160.27
5103538,QUARTER CIRCLE R DAM,5300584,SHOSHONE POWER PLANT,31.0,1.22,1.5,51,147.54,1408.0,53,46.5
5103537,ASHBACH RESERVOIR,5300584,SHOSHONE POWER PLANT,31.0,4.22,5.25,51,147.54,1408.0,53,162.75
5103530,SKUNK CREEK RESERVOIR NO 3,5300584,SHOSHONE POWER PLANT,31.0,2.27,2.0,51,147.54,1408.0,53,62.0
5103528,SUNSET RIDGE POND,5300584,SHOSHONE POWER PLANT,31.0,15.28,1.0,51,147.54,1408.0,53,31.0
5103527,CORRAL CREEK WETLAND NO2,5300584,SHOSHONE POWER PLANT,31.0,0.31,10.0,51,147.54,1408.0,53,310.0
5102035,MIN FLOW WILLIAMS FORK RIVER,5300584,SHOSHONE POWER PLANT,31.0,25.62,25.0,51,147.54,1408.0,53,775.0
5103522,MURRAY/BREIDER POND,5300584,SHOSHONE POWER PLANT,31.0,8.19,1.5,51,147.54,1408.0,53,46.5
5103521,CLOVERBLOOM RESERVOIR,5300584,SHOSHONE POWER PLANT,31.0,2.23,2.4,51,147.54,1408.0,53,74.39999999999999
5103518,POLE CREEK GOLF COURSE POND NO 3,5300584,SHOSHONE POWER PLANT,31.0,3.6,0.92,51,147.54,1408.0,53,28.52
5103517,POLE CREEK GOLF COURSE POND NO 2,5300584,SHOSHONE POWER PLANT,31.0,3.65,3.1,51,147.54,1408.0,53,96.10000000000001
5103516,POLE CREEK GOLF COURSE POND NO 1,5300584,SHOSHONE POWER PLANT,31.0,3.65,2.55,51,147.54,1408.0,53,79.05
5103515,RANCH CREEK RANCH POND,5300584,SHOSHONE POWER PLANT,31.0,10.04,2.06,51,147.54,1408.0,53,63.86
5103502,NEWBERRY POND,5300584,SHOSHONE POWER PLANT,31.0,1.14,12.0,51,147.54,1408.0,53,372.0
5103501,ZEPHYR POND NO 1,5300584,SHOSHONE POWER PLANT,31.0,4.86,8.0,51,147.54,1408.0,53,248.0
5102036,MIN FLOW COLORADO RIVER TROUBLESOME-BLUE,5300584,SHOSHONE POWER PLANT,31.0,226.65,150.0,51,147.54,1408.0,53,4650.0
3600645,GUTHRIE THOMAS DITCH,5300584,SHOSHONE POWER PLANT,31.0,3.5,37.38,36,147.54,1408.0,53,1158.78
5102028,MIN FLOW WILLIAMS FORK RIVER,5300584,SHOSHONE POWER PLANT,31.0,25.62,15.0,51,147.54,1408.0,53,465.0
5000770,CARTER CREEK FEEDER DITCH,5300584,SHOSHONE POWER PLANT,31.0,4.03,102.5,50,147.54,1408.0,53,3177.5
5000606,MISSOURI DITCH,5300584,SHOSHONE POWER PLANT,31.0,13.51,98.0,50,147.54,1408.0,53,3038.0
5000612,MCELROY NO 1 DITCH,5300584,SHOSHONE POWER PLANT,31.0,227.74,12.0,50,147.54,1408.0,53,372.0
5000613,MCELROY NO 2 DITCH,5300584,SHOSHONE POWER PLANT,31.0,226.93,12.0,50,147.54,1408.0,53,372.0
5000627,PASS CREEK DITCH,5300584,SHOSHONE POWER PLANT,31.0,4.68,621.14,50,147.54,1408.0,53,19255.34
5000662,WHEATLEY DITCH NO 2,5300584,SHOSHONE POWER PLANT,31.0,2.76,17.54,50,147.54,1408.0,53,543.74
5000754,KIRTZ DITCH NO 2 HG NO 4,5300584,SHOSHONE POWER PLANT,31.0,11.04,12.0,50,147.54,1408.0,53,372.0
5000762,MCMAHON DITCH (DEER CR),5300584,SHOSHONE POWER PLANT,31.0,3.53,18.0,50,147.54,1408.0,53,558.0
5002000,MIN FLOW MUDDY CREEK,5300584,SHOSHONE POWER PLANT,31.0,13.07,20.0,50,147.54,1408.0,53,620.0
5000576,HAYPARK CANAL HGT NO 1,5300584,SHOSHONE POWER PLANT,31.0,2.15,75.0,50,147.54,1408.0,53,2325.0
5003612,DIETRICH RESERVOIR,5300584,SHOSHONE POWER PLANT,31.0,2.71,36.59,50,147.54,1408.0,53,1134.2900000000002
5003620,INFANGER RESERVOIR NO 2,5300584,SHOSHONE POWER PLANT,31.0,4.06,20.32,50,147.54,1408.0,53,629.92
5003621,INFANGER RESERVOIR NO 3,5300584,SHOSHONE POWER PLANT,31.0,3.66,4.92,50,147.54,1408.0,53,152.52
5003623,LAKE AGNES,5300584,SHOSHONE POWER PLANT,31.0,52.88,431.9,50,147.54,1408.0,53,13388.9
5003625,MATHESON RESERVOIR,5300584,SHOSHONE POWER PLANT,31.0,21.16,1073.6,50,147.54,1408.0,53,33281.6
5003627,MCELROY RESERVOIR,5300584,SHOSHONE POWER PLANT,31.0,4.92,240.0,50,147.54,1408.0,53,7440.0
5003629,MCMAHON RESERVOIR NO 2,5300584,SHOSHONE POWER PLANT,31.0,13.11,3500.0,50,147.54,1408.0,53,108500.0
5000601,MARTIN NO 1 DITCH (NORTH FORK HGT),5300584,SHOSHONE POWER PLANT,31.0,6.6,40.5,50,147.54,1408.0,53,1255.5
5000574,HARDSCRABBLE DITCH,5300584,SHOSHONE POWER PLANT,31.0,6.36,643.1669999999998,50,147.54,1408.0,53,19938.176999999992
5003637,RUDOLPH RESERVOIR,5300584,SHOSHONE POWER PLANT,31.0,5.34,60.22,50,147.54,1408.0,53,1866.82
3703987,BEAVER CR SNOWMAKING RES NO 1,5300584,SHOSHONE POWER PLANT,31.0,3.3,130.0,37,147.54,1408.0,53,4030.0
3703955,CORDILLERA GOLF COURSE POND NO. 1,5300584,SHOSHONE POWER PLANT,31.0,2.75,7.1,37,147.54,1408.0,53,220.1
3703956,CORDILLERA GOLF COURSE POND NO. 2,5300584,SHOSHONE POWER PLANT,31.0,2.82,7.36,37,147.54,1408.0,53,228.16
3703958,CORDILLERA GOLF COURSE POND NO. 4,5300584,SHOSHONE POWER PLANT,31.0,2.91,18.84,37,147.54,1408.0,53,584.04
3703960,CORDILLERA GOLF COURSE POND NO. 6,5300584,SHOSHONE POWER PLANT,31.0,3.1,8.23,37,147.54,1408.0,53,255.13000000000002
3703969,CORDILLERA RES NO. 1,5300584,SHOSHONE POWER PLANT,31.0,2.22,7.5,37,147.54,1408.0,53,232.5
3703976,CALHOUN POND NO.1,5300584,SHOSHONE POWER PLANT,31.0,0.35,0.72,37,147.54,1408.0,53,22.32
3703977,CALHOUN-BUDDY'S POND,5300584,SHOSHONE POWER PLANT,31.0,0.69,0.5,37,147.54,1408.0,53,15.5
3703990,RED CANYON POND 15 (A),5300584,SHOSHONE POWER PLANT,31.0,1.99,0.2,37,147.54,1408.0,53,6.2
3704648,WARREN E WURTS DITCH,5300584,SHOSHONE POWER PLANT,31.0,2.2,85.0,37,147.54,1408.0,53,2635.0
3703991,RED CANYON POND 15 (B),5300584,SHOSHONE POWER PLANT,31.0,2.06,0.05,37,147.54,1408.0,53,1.55
3703992,RED CANYON POND 15C,5300584,SHOSHONE POWER PLANT,31.0,2.11,0.05,37,147.54,1408.0,53,1.55
3704078,BRUSH CREEK ROAD AUG POND,5300584,SHOSHONE POWER PLANT,31.0,9.21,12.5,37,147.54,1408.0,53,387.5
3704093,JONES CASTLE CREEK POND NO. 2,5300584,SHOSHONE POWER PLANT,31.0,1.86,2.5,37,147.54,1408.0,53,77.5
3704516,HOMESTAKE PROJ RESERVOIR,5300584,SHOSHONE POWER PLANT,31.0,13.87,43989.7,37,147.54,1408.0,53,1363680.7
3704614,HOMESTAKE PROJ TUNNEL,5300584,SHOSHONE POWER PLANT,31.0,13.87,300.0,37,147.54,1408.0,53,9300.0
3704643,HOMESTAKE PROJ CONDUIT,5300584,SHOSHONE POWER PLANT,31.0,12.93,179.8,37,147.54,1408.0,53,5573.8
5003632,PARSONS RESERVOIR,5300584,SHOSHONE POWER PLANT,31.0,4.41,107.35,50,147.54,1408.0,53,3327.85
5003640,WHEATLEY DIVR POND NO 1,5300584,SHOSHONE POWER PLANT,31.0,2.77,3.54,50,147.54,1408.0,53,109.74
5102027,MIN FLOW WILLIAMS FORK RIVER,5300584,SHOSHONE POWER PLANT,31.0,26.0,12.0,51,147.54,1408.0,53,372.0
5101237,WILLIAMS FORK POWER CONDUIT,5300584,SHOSHONE POWER PLANT,31.0,2.22,295.0,51,147.54,1408.0,53,9145.0
5100728,HAMILTON-CABIN CREEK DITCH,5300584,SHOSHONE POWER PLANT,31.0,2.61,70.0,51,147.54,1408.0,53,2170.0
5100907,WILLIAMS FORK DIVERSION PROJECT,5300584,SHOSHONE POWER PLANT,31.0,1.98,30.67,51,147.54,1408.0,53,950.7700000000001
5103724,MORAINE LAKE NO 1,5300584,SHOSHONE POWER PLANT,31.0,4.0,3.0,51,147.54,1408.0,53,93.0
5100959,WILLIAMS FORK DIVERSION PROJECT,5300584,SHOSHONE POWER PLANT,31.0,0.43,49.27,51,147.54,1408.0,53,1527.3700000000001
5101070,HENDERSON MINE WATER SYSTEM,5300584,SHOSHONE POWER PLANT,31.0,19.64,3511.0,51,147.54,1408.0,53,108841.0
5101148,THOMPSON PUMP NO 1,5300584,SHOSHONE POWER PLANT,31.0,228.86,13.84,51,147.54,1408.0,53,429.04
5101149,THOMPSON PUMP NO 2,5300584,SHOSHONE POWER PLANT,31.0,229.94,13.84,51,147.54,1408.0,53,429.04
5101245,WINTER PARK BASE DIVERSION POINT 1,5300584,SHOSHONE POWER PLANT,31.0,25.39,8.17,51,147.54,1408.0,53,253.27
5100639,FRASER RIVER DIVERSION PROJECT - FRASER RIVER,5300584,SHOSHONE POWER PLANT,31.0,27.47,275.67,51,147.54,1408.0,53,8545.77
5101250,HAMILTON-CABIN CREEK EXTENSION,5300584,SHOSHONE POWER PLANT,31.0,6.05,25.0,51,147.54,1408.0,53,775.0
5101270,FRASER RIVER DIVERSION PROJECT- WEST ST LOUIS,5300584,SHOSHONE POWER PLANT,31.0,6.94,42.67,51,147.54,1408.0,53,1322.77
5101310,FRASER RIVER DIVERSION PROJECT - VASQUEZ CREEK,5300584,SHOSHONE POWER PLANT,31.0,4.98,175.0,51,147.54,1408.0,53,5425.0
5101313,FRASER RIVER DIVERSION PROJECT - FAUN CREEK,5300584,SHOSHONE POWER PLANT,31.0,23.05,50.67,51,147.54,1408.0,53,1570.77
5102012,MIN FLOW WILLOW CREEK PASS CK - BLM,5300584,SHOSHONE POWER PLANT,31.0,11.73,12.0,51,147.54,1408.0,53,372.0
5102014,MIN FLOW WILLIAMS FORK RIVER,5300584,SHOSHONE POWER PLANT,31.0,15.93,32.0,51,147.54,1408.0,53,992.0
5102016,MIN FLOW WILLIAMS FORK RIVER,5300584,SHOSHONE POWER PLANT,31.0,21.54,28.0,51,147.54,1408.0,53,868.0
5100678,CBT GRANBY PUMP CANAL,5300584,SHOSHONE POWER PLANT,31.0,267.07,1100.0,51,147.54,1408.0,53,34100.0
5100629,FARRIS SOUTH SIDE DITCH,5300584,SHOSHONE POWER PLANT,31.0,240.53,14.405,51,147.54,1408.0,53,446.555
5003641,WHEATLEY DIVR POND NO 2,5300584,SHOSHONE POWER PLANT,31.0,2.26,5.05,50,147.54,1408.0,53,156.54999999999998
5003659,DAVISON RESERVOIR,5300584,SHOSHONE POWER PLANT,31.0,30.13,2.0,50,147.54,1408.0,53,62.0
5003642,WHITELY PEAK RESERVOIR,5300584,SHOSHONE POWER PLANT,31.0,1.16,773.0,50,147.54,1408.0,53,23963.0
5003643,WOODS RESERVOIR,5300584,SHOSHONE POWER PLANT,31.0,4.05,66.89,50,147.54,1408.0,53,2073.59
5003644,ALBERT RESERVOIR,5300584,SHOSHONE POWER PLANT,31.0,6.1,125.26,50,147.54,1408.0,53,3883.06
5003650,SARACENO RESERVOIR,5300584,SHOSHONE POWER PLANT,31.0,10.6,11.0,50,147.54,1408.0,53,341.0
5003652,COLBURN RESERVOIR,5300584,SHOSHONE POWER PLANT,31.0,0.0,16.0,50,147.54,1408.0,53,496.0
5003653,COLBURN RESERVOIR NO 2,5300584,SHOSHONE POWER PLANT,31.0,0.0,23.0,50,147.54,1408.0,53,713.0
5003654,CURRAN POND,5300584,SHOSHONE POWER PLANT,31.0,7.42,4.0,50,147.54,1408.0,53,124.0
5003661,HARTMAN NO 2 POND,5300584,SHOSHONE POWER PLANT,31.0,4.08,48.25,50,147.54,1408.0,53,1495.75
5100546,BUNTE HIGHLINE DITCH,5300584,SHOSHONE POWER PLANT,31.0,2.25,45.0,51,147.54,1408.0,53,1395.0
5003670,PINNEY RANCH RESERVOIR,5300584,SHOSHONE POWER PLANT,31.0,9.42,20.0,50,147.54,1408.0,53,620.0
5003671,BUCHER POND,5300584,SHOSHONE POWER PLANT,31.0,8.35,8.0,50,147.54,1408.0,53,248.0
5003672,RAWALT STOCK RES NO 1,5300584,SHOSHONE POWER PLANT,31.0,5.9,1.4,50,147.54,1408.0,53,43.4
5003673,RAWALT STOCK RES NO 2,5300584,SHOSHONE POWER PLANT,31.0,6.17,1.4,50,147.54,1408.0,53,43.4
5003674,FETTERS STOCK RES NO 1,5300584,SHOSHONE POWER PLANT,31.0,6.93,1.4,50,147.54,1408.0,53,43.4
5003675,GOOGLY EYED POND,5300584,SHOSHONE POWER PLANT,31.0,1.96,1.4,50,147.54,1408.0,53,43.4
5003677,CARTER POND,5300584,SHOSHONE POWER PLANT,31.0,7.74,0.1,50,147.54,1408.0,53,3.1
5100958,CBT WILLOW CREEK FEEDER,5300584,SHOSHONE POWER PLANT,31.0,1.87,400.0,51,147.54,1408.0,53,12400.0
5104006,BULL RUN CREEK RESERVOIR,5300584,SHOSHONE POWER PLANT,31.0,2.28,125.0,51,147.54,1408.0,53,3875.0
5103725,MORAINE LAKE NO 2,5300584,SHOSHONE POWER PLANT,31.0,2.96,5.0,51,147.54,1408.0,53,155.0
5204018,UNCAPHER SPR RESERVOIR,5300584,SHOSHONE POWER PLANT,31.0,9.79,0.1,52,147.54,1408.0,53,3.1
5303520,SKELTON DUCK POND,5300584,SHOSHONE POWER PLANT,31.0,7.89,8.0,53,147.54,1408.0,53,248.0
5303536,HANGING LAKE,5300584,SHOSHONE POWER PLANT,31.0,148.05,2.0,53,147.54,1408.0,53,62.0
5303543,LOST LAKE,5300584,SHOSHONE POWER PLANT,31.0,10.67,0.1,53,147.54,1408.0,53,3.1
5303562,UP IS LAKE,5300584,SHOSHONE POWER PLANT,31.0,5.53,40.0,53,147.54,1408.0,53,1240.0
5303565,W DEAD HORSE RESERVOIR,5300584,SHOSHONE POWER PLANT,31.0,2.85,0.3,53,147.54,1408.0,53,9.299999999999999
5303569,PERRY POND NO 1,5300584,SHOSHONE POWER PLANT,31.0,1.83,1.41,53,147.54,1408.0,53,43.71
5303570,PERRY POND NO 2,5300584,SHOSHONE POWER PLANT,31.0,10.8,1.41,53,147.54,1408.0,53,43.71
5303571,PERRY POND NO 3,5300584,SHOSHONE POWER PLANT,31.0,1.83,3.49,53,147.54,1408.0,53,108.19000000000001
5303587,KIDS POND,5300584,SHOSHONE POWER PLANT,31.0,223.43,4.2,53,147.54,1408.0,53,130.20000000000002
5303952,A J RESERVOIR,5300584,SHOSHONE POWER PLANT,31.0,9.33,22.24,53,147.54,1408.0,53,689.4399999999999
5303960,CRESENT LAKE RESERVOIR,5300584,SHOSHONE POWER PLANT,31.0,7.17,237.247,53,147.54,1408.0,53,7354.657
5303961,ED W HARPER RESERVOIR,5300584,SHOSHONE POWER PLANT,31.0,28.73,194.19,53,147.54,1408.0,53,6019.89
5303963,E M CURRY RESERVOIR,5300584,SHOSHONE POWER PLANT,31.0,3.0,26.0,53,147.54,1408.0,53,806.0
5303969,HADLEY NO 2 RESERVOIR,5300584,SHOSHONE POWER PLANT,31.0,8.21,13.14,53,147.54,1408.0,53,407.34000000000003
5303971,HEART LAKE RESERVOIR,5300584,SHOSHONE POWER PLANT,31.0,17.8,3255.33,53,147.54,1408.0,53,100915.23
5303972,HIDDEN SPRINGS RESERVOIR,5300584,SHOSHONE POWER PLANT,31.0,6.55,53.82,53,147.54,1408.0,53,1668.42
5303978,KELLY RESERVOIR,5300584,SHOSHONE POWER PLANT,31.0,20.33,226.22,53,147.54,1408.0,53,7012.82
5303515,SHOP POND,5300584,SHOSHONE POWER PLANT,31.0,5.53,33.4,53,147.54,1408.0,53,1035.3999999999999
5303514,OLSON POND,5300584,SHOSHONE POWER PLANT,31.0,0.05,2.0,53,147.54,1408.0,53,62.0
5303513,GALLEGOS RANCH POND NO.4,5300584,SHOSHONE POWER PLANT,31.0,10.82,5.0,53,147.54,1408.0,53,155.0
5300704,MIDDLE DERBY DITCH,5300584,SHOSHONE POWER PLANT,31.0,10.27,40.0,53,147.54,1408.0,53,1240.0
5204020,WASPRE PI21 RESERVOIR,5300584,SHOSHONE POWER PLANT,31.0,204.59,0.1,52,147.54,1408.0,53,3.1
5204024,RIVER RANCH POND,5300584,SHOSHONE POWER PLANT,31.0,171.24,11.47,52,147.54,1408.0,53,355.57
5300584,SHOSHONE POWER PLANT,5300584,SHOSHONE POWER PLANT,31.0,147.54,1408.0,53,147.54,1408.0,53,43648.0
5300594,GRIMES BROOKS FDR2 D HG2,5300584,SHOSHONE POWER PLANT,31.0,2.8,23.32,53,147.54,1408.0,53,722.92
5300595,GRIMES BROOKS R INTAKE D,5300584,SHOSHONE POWER PLANT,31.0,3.97,22.0,53,147.54,1408.0,53,682.0
5300621,HIGHWATER DITCH,5300584,SHOSHONE POWER PLANT,31.0,24.25,16.0,53,147.54,1408.0,53,496.0
5300662,KEEP DITCH,5300584,SHOSHONE POWER PLANT,31.0,1.42,16.0,53,147.54,1408.0,53,496.0
5300754,PIPELINE DITCH,5300584,SHOSHONE POWER PLANT,31.0,10.27,15.0,53,147.54,1408.0,53,465.0
5303512,GALLEGOS RANCH POND NO.3,5300584,SHOSHONE POWER PLANT,31.0,10.8,4.25,53,147.54,1408.0,53,131.75
5302006,MIN FLOW SWEETWATER CR,5300584,SHOSHONE POWER PLANT,31.0,0.02,18.0,53,147.54,1408.0,53,558.0
5302007,MIN FLOW DEEP CREEK,5300584,SHOSHONE POWER PLANT,31.0,0.02,14.0,53,147.54,1408.0,53,434.0
5302027,MIN LAKE HANGING LAKE,5300584,SHOSHONE POWER PLANT,31.0,0.79,5.0,53,147.54,1408.0,53,155.0
5303508,JARNOT POND 1,5300584,SHOSHONE POWER PLANT,31.0,2.17,3.0,53,147.54,1408.0,53,93.0
5303509,JARNOT POND 2,5300584,SHOSHONE POWER PLANT,31.0,2.17,5.0,53,147.54,1408.0,53,155.0
5303510,GALLEGOS RANCH POND NO.1,5300584,SHOSHONE POWER PLANT,31.0,10.8,4.48,53,147.54,1408.0,53,138.88000000000002
5303511,GALLEGOS RANCH POND NO.2,5300584,SHOSHONE POWER PLANT,31.0,10.8,2.94,53,147.54,1408.0,53,91.14
5303979,KING MOUNTAIN RES-UPPER,5300584,SHOSHONE POWER PLANT,31.0,13.7,25.08,53,147.54,1408.0,53,777.4799999999999
5303982,LUARK RESERVOIR,5300584,SHOSHONE POWER PLANT,31.0,1.68,90.66,53,147.54,1408.0,53,2810.46
5303983,MCCOY RESERVOIR,5300584,SHOSHONE POWER PLANT,31.0,5.04,24.84,53,147.54,1408.0,53,770.04
5304047,RUSSELL POND NO 1,5300584,SHOSHONE POWER PLANT,31.0,3.67,7.2,53,147.54,1408.0,53,223.20000000000002
5304035,STEPHENS POND NO 2,5300584,SHOSHONE POWER PLANT,31.0,9.84,2.4,53,147.54,1408.0,53,74.39999999999999
5304036,STEPHENS POND NO 3,5300584,SHOSHONE POWER PLANT,31.0,10.79,2.0,53,147.54,1408.0,53,62.0
5304042,LOWER MCLEAN RESERVOIR,5300584,SHOSHONE POWER PLANT,31.0,7.97,7.75,53,147.54,1408.0,53,240.25
5304043,UPPER MCLEAN RESERVOIR,5300584,SHOSHONE POWER PLANT,31.0,8.13,9.3,53,147.54,1408.0,53,288.3
5304044,RED DIRT POND NO 1,5300584,SHOSHONE POWER PLANT,31.0,3.01,1.5,53,147.54,1408.0,53,46.5
5304045,RED DIRT POND NO 2,5300584,SHOSHONE POWER PLANT,31.0,3.17,1.0,53,147.54,1408.0,53,31.0
5304046,RED DIRT POND NO 3,5300584,SHOSHONE POWER PLANT,31.0,3.35,1.5,53,147.54,1408.0,53,46.5
5304048,RUSSELL POND NO 2,5300584,SHOSHONE POWER PLANT,31.0,3.73,6.0,53,147.54,1408.0,53,186.0
5304026,TROUTVILLE POND NO 4,5300584,SHOSHONE POWER PLANT,31.0,3.27,0.5,53,147.54,1408.0,53,15.5
5304049,RUSSELL POND NO 3,5300584,SHOSHONE POWER PLANT,31.0,3.72,1.0,53,147.54,1408.0,53,31.0
5304050,RUSSELL POND NO 4,5300584,SHOSHONE POWER PLANT,31.0,3.71,0.5,53,147.54,1408.0,53,15.5
5304052,CABIN POND NO 1,5300584,SHOSHONE POWER PLANT,31.0,5.01,0.25,53,147.54,1408.0,53,7.75
5304053,CABIN POND NO 2,5300584,SHOSHONE POWER PLANT,31.0,4.98,0.13,53,147.54,1408.0,53,4.03
5304054,CABIN POND NO 3,5300584,SHOSHONE POWER PLANT,31.0,4.93,0.16,53,147.54,1408.0,53,4.96
5304055,CLOVER POND,5300584,SHOSHONE POWER PLANT,31.0,4.89,0.5,53,147.54,1408.0,53,15.5
5304056,TOWER POND,5300584,SHOSHONE POWER PLANT,31.0,8.27,25.0,53,147.54,1408.0,53,775.0
5304034,STEPHENS POND NO 1,5300584,SHOSHONE POWER PLANT,31.0,8.86,40.0,53,147.54,1408.0,53,1240.0
5304025,TROUTVILLE POND NO 3,5300584,SHOSHONE POWER PLANT,31.0,3.35,1.0,53,147.54,1408.0,53,31.0
5303988,NEWTON GULCH RESERVOIR,5300584,SHOSHONE POWER PLANT,31.0,12.92,495.77,53,147.54,1408.0,53,15368.869999999999
5304002,TRAIL RESERVOIR,5300584,SHOSHONE POWER PLANT,31.0,6.05,29.97,53,147.54,1408.0,53,929.0699999999999
5303989,NOBLE RESERVOIR,5300584,SHOSHONE POWER PLANT,31.0,2.92,32.6,53,147.54,1408.0,53,1010.6
5303991,REID NO 1 RESERVOIR,5300584,SHOSHONE POWER PLANT,31.0,8.86,134.44,53,147.54,1408.0,53,4167.64
5303994,SAWMILL RESERVOIR,5300584,SHOSHONE POWER PLANT,31.0,7.15,10.15,53,147.54,1408.0,53,314.65000000000003
5303995,STERNER RESERVOIR,5300584,SHOSHONE POWER PLANT,31.0,25.29,532.1,53,147.54,1408.0,53,16495.100000000002
5303996,STOUT RESERVOIR,5300584,SHOSHONE POWER PLANT,31.0,6.69,8.26,53,147.54,1408.0,53,256.06
5303998,TEPE RESERVOIR,5300584,SHOSHONE POWER PLANT,31.0,3.35,10.52,53,147.54,1408.0,53,326.12
5303999,TONIER GULCH RESERVOIR,5300584,SHOSHONE POWER PLANT,31.0,7.52,64.3,53,147.54,1408.0,53,1993.3
5304004,WOHLER RESERVOIR,5300584,SHOSHONE POWER PLANT,31.0,4.11,110.71,53,147.54,1408.0,53,3432.0099999999998
5304024,TROUTVILLE POND NO 2,5300584,SHOSHONE POWER PLANT,31.0,3.45,0.8,53,147.54,1408.0,53,24.8
5304013,GEORGE A GATES RES NO 1,5300584,SHOSHONE POWER PLANT,31.0,2.86,6.0,53,147.54,1408.0,53,186.0
5304014,GEORGE A GATES RES NO 2,5300584,SHOSHONE POWER PLANT,31.0,3.18,18.0,53,147.54,1408.0,53,558.0
5304015,HERRES POND,5300584,SHOSHONE POWER PLANT,31.0,0.2,0.16399999999999998,53,147.54,1408.0,53,5.084
5304017,JACK HILL RESERVOIR,5300584,SHOSHONE POWER PLANT,31.0,2.23,2.75,53,147.54,1408.0,53,85.25
5304019,LYLE FISH POND NO 1,5300584,SHOSHONE POWER PLANT,31.0,7.86,0.826,53,147.54,1408.0,53,25.605999999999998
5304020,MACKINAW LAKE RES NO 2,5300584,SHOSHONE POWER PLANT,31.0,7.61,79.028,53,147.54,1408.0,53,2449.8680000000004
5304023,TROUTVILLE POND NO 1,5300584,SHOSHONE POWER PLANT,31.0,3.47,0.5,53,147.54,1408.0,53,15.5
5204019,WALTER RESERVOIR,5300584,SHOSHONE POWER PLANT,31.0,9.11,0.1,52,147.54,1408.0,53,3.1
5204014,TWINPINE RESERVOIR,5300584,SHOSHONE POWER PLANT,31.0,6.59,0.2,52,147.54,1408.0,53,6.2
5103726,MORAINE LAKE NO 3,5300584,SHOSHONE POWER PLANT,31.0,2.98,8.0,51,147.54,1408.0,53,248.0
5204013,TRIANGLE RESERVOIR,5300584,SHOSHONE POWER PLANT,31.0,10.92,0.1,52,147.54,1408.0,53,3.1
5104025,ROBINSON SWAN DITCH NO 1 POND 1,5300584,SHOSHONE POWER PLANT,31.0,8.68,1.0,51,147.54,1408.0,53,31.0
5104026,ROBINSON SWAN DITCH NO 2 POND 1,5300584,SHOSHONE POWER PLANT,31.0,7.91,2.0,51,147.54,1408.0,53,62.0
5104027,ROBINSON SWAN DITCH NO 1 POND 2,5300584,SHOSHONE POWER PLANT,31.0,8.7,0.6,51,147.54,1408.0,53,18.599999999999998
5104028,ROBINSON SWAN DITCH NO 2 POND 2,5300584,SHOSHONE POWER PLANT,31.0,7.91,0.6,51,147.54,1408.0,53,18.599999999999998
5104029,ROBINSON SWAN DITCH NO 2 POND 3,5300584,SHOSHONE POWER PLANT,31.0,7.87,2.5,51,147.54,1408.0,53,77.5
5104032,WHITING RESERVOIR NO 1,5300584,SHOSHONE POWER PLANT,31.0,0.89,1.5,51,147.54,1408.0,53,46.5
5104033,YOUNG LIFE POND NO 1,5300584,SHOSHONE POWER PLANT,31.0,6.46,10.4,51,147.54,1408.0,53,322.40000000000003
5104037,C LAZY U FISH POND NO 2,5300584,SHOSHONE POWER PLANT,31.0,7.42,6.0,51,147.54,1408.0,53,186.0
5104038,GORE RESERVOIR NO 1,5300584,SHOSHONE POWER PLANT,31.0,282.27,3.0,51,147.54,1408.0,53,93.0
5104039,HEBERTON RESERVOIR,5300584,SHOSHONE POWER PLANT,31.0,255.84,2.98,51,147.54,1408.0,53,92.38
5104040,KLEINS FISH POND NO 1,5300584,SHOSHONE POWER PLANT,31.0,3.9,14.3,51,147.54,1408.0,53,443.3
5104041,KLEINS FISH POND NO 2,5300584,SHOSHONE POWER PLANT,31.0,4.0,3.89,51,147.54,1408.0,53,120.59
5104042,KLEINS FISH POND NO 3,5300584,SHOSHONE POWER PLANT,31.0,4.2,4.47,51,147.54,1408.0,53,138.57
5104043,KLEINS FISH POND NO 4,5300584,SHOSHONE POWER PLANT,31.0,4.26,4.89,51,147.54,1408.0,53,151.59
5104047,NEVER SUMMER LAKE,5300584,SHOSHONE POWER PLANT,31.0,283.81,39.0,51,147.54,1408.0,53,1209.0
5104048,NIELSEN RESERVOIR,5300584,SHOSHONE POWER PLANT,31.0,1.29,9.0,51,147.54,1408.0,53,279.0
5104049,NORGREN RESERVOIR,5300584,SHOSHONE POWER PLANT,31.0,1.33,8.2,51,147.54,1408.0,53,254.2
5104024,PICKERING RESERVOIR,5300584,SHOSHONE POWER PLANT,31.0,5.46,19.7,51,147.54,1408.0,53,610.6999999999999
5104023,PASCAL POND NO 2,5300584,SHOSHONE POWER PLANT,31.0,1.76,3.8,51,147.54,1408.0,53,117.8
5104022,PASCAL POND NO 1,5300584,SHOSHONE POWER PLANT,31.0,1.83,1.4,51,147.54,1408.0,53,43.4
5103746,ALLEN'S RESERVOIR AND DITCH,5300584,SHOSHONE POWER PLANT,31.0,248.77,5.0,51,147.54,1408.0,53,155.0
5103730,MOUNTAIN VALLEY RESERVOIR NO 1,5300584,SHOSHONE POWER PLANT,31.0,8.49,8.23,51,147.54,1408.0,53,255.13000000000002
5103732,GAYLORD RESERVOIR,5300584,SHOSHONE POWER PLANT,31.0,5.64,170.0,51,147.54,1408.0,53,5270.0
5103737,TWINFLOWER LAKE,5300584,SHOSHONE POWER PLANT,31.0,2.21,3.5,51,147.54,1408.0,53,108.5
5103739,VILLAGE LAKE AT WINTER PARK RANCH,5300584,SHOSHONE POWER PLANT,31.0,19.57,33.76,51,147.54,1408.0,53,1046.56
5103740,VILLAGE LAKE NO 2 AT WINTER PARK RANCH,5300584,SHOSHONE POWER PLANT,31.0,19.3,4.5,51,147.54,1408.0,53,139.5
5103742,WINDY GAP RESERVOIR,5300584,SHOSHONE POWER PLANT,31.0,257.47,445.0,51,147.54,1408.0,53,13795.0
5103745,POLE CREEK MEADOWS RESERVOIR NO 1,5300584,SHOSHONE POWER PLANT,31.0,0.33,52.2,51,147.54,1408.0,53,1618.2
5103747,DIXON NORTHROP RESERVOIR,5300584,SHOSHONE POWER PLANT,31.0,6.71,30.0,51,147.54,1408.0,53,930.0
5104020,LITTLE HO RESERVOIR,5300584,SHOSHONE POWER PLANT,31.0,3.9,34.88,51,147.54,1408.0,53,1081.28
5103748,LEWIS POND EMPOUNDMENT,5300584,SHOSHONE POWER PLANT,31.0,8.48,3.0,51,147.54,1408.0,53,93.0
3703950,RED CANYON ESTATES POND # 11C,5300584,SHOSHONE POWER PLANT,31.0,1.65,0.016,37,147.54,1408.0,53,0.496
5104010,MURPHY RESERVOIR,5300584,SHOSHONE POWER PLANT,31.0,7.65,13.5,51,147.54,1408.0,53,418.5
5104012,COTTONWOOD RESERVOIR,5300584,SHOSHONE POWER PLANT,31.0,1.42,86.12,51,147.54,1408.0,53,2669.7200000000003
5104013,DOE CREEK RESERVOIR,5300584,SHOSHONE POWER PLANT,31.0,0.18,3.37,51,147.54,1408.0,53,104.47
5104018,KOVACS POND NO 1,5300584,SHOSHONE POWER PLANT,31.0,0.0,0.65,51,147.54,1408.0,53,20.150000000000002
5104019,KOVACS POND NO 2,5300584,SHOSHONE POWER PLANT,31.0,0.0,1.05,51,147.54,1408.0,53,32.550000000000004
5104051,SUN VALLEY RESERVOIR,5300584,SHOSHONE POWER PLANT,31.0,281.45,116.1,51,147.54,1408.0,53,3599.1
5104052,OURAY RESERVOIR NO 2,5300584,SHOSHONE POWER PLANT,31.0,,17.3,51,147.54,1408.0,53,536.3000000000001
5104053,OURAY RESERVOIR NO 1,5300584,SHOSHONE POWER PLANT,31.0,263.68,11.5,51,147.54,1408.0,53,356.5
5203994,EDWARDS RESERVOIR,5300584,SHOSHONE POWER PLANT,31.0,6.47,0.1,52,147.54,1408.0,53,3.1
5203974,PINEY PEAK POND NO 4,5300584,SHOSHONE POWER PLANT,31.0,9.79,1.0,52,147.54,1408.0,53,31.0
5203975,PINEY PEAK POND NO 5,5300584,SHOSHONE POWER PLANT,31.0,9.61,1.2,52,147.54,1408.0,53,37.199999999999996
5203978,HARTMAN RESERVOIR,5300584,SHOSHONE POWER PLANT,31.0,2.74,5.0,52,147.54,1408.0,53,155.0
5203982,MARMA LAKE,5300584,SHOSHONE POWER PLANT,31.0,8.94,63.6,52,147.54,1408.0,53,1971.6000000000001
5203983,WHEELOCK POND NO 1,5300584,SHOSHONE POWER PLANT,31.0,7.76,5.0,52,147.54,1408.0,53,155.0
5203984,WHEELOCK POND NO 2,5300584,SHOSHONE POWER PLANT,31.0,7.47,4.0,52,147.54,1408.0,53,124.0
5203990,COX RESERVOIR,5300584,SHOSHONE POWER PLANT,31.0,7.36,0.1,52,147.54,1408.0,53,3.1
5203996,FILBUR RESERVOIR,5300584,SHOSHONE POWER PLANT,31.0,4.62,0.1,52,147.54,1408.0,53,3.1
5203972,PINEY PEAK POND NO 2,5300584,SHOSHONE POWER PLANT,31.0,9.8,1.65,52,147.54,1408.0,53,51.15
5204000,MONIGFLAT RESERVOIR,5300584,SHOSHONE POWER PLANT,31.0,14.06,0.1,52,147.54,1408.0,53,3.1
5204002,NELKREPI24 RESERVOIR,5300584,SHOSHONE POWER PLANT,31.0,206.39,0.1,52,147.54,1408.0,53,3.1
5204003,PEYTON RESERVOIR,5300584,SHOSHONE POWER PLANT,31.0,7.24,0.1,52,147.54,1408.0,53,3.1
5204005,PINJNRPI20 RESERVOIR,5300584,SHOSHONE POWER PLANT,31.0,204.34,0.1,52,147.54,1408.0,53,3.1
5204006,REED RESERVOIR,5300584,SHOSHONE POWER PLANT,31.0,9.11,0.1,52,147.54,1408.0,53,3.1
5204008,SOUTHFORK RESERVOIR,5300584,SHOSHONE POWER PLANT,31.0,10.97,0.1,52,147.54,1408.0,53,3.1
5204012,STEINRPI22 RESERVOIR,5300584,SHOSHONE POWER PLANT,31.0,205.17,0.2,52,147.54,1408.0,53,6.2
5203973,PINEY PEAK POND NO 3,5300584,SHOSHONE POWER PLANT,31.0,10.11,1.16,52,147.54,1408.0,53,35.96
5203971,PINEY PEAK POND NO 1,5300584,SHOSHONE POWER PLANT,31.0,8.94,10.0,52,147.54,1408.0,53,310.0
5104054,ECKER POND,5300584,SHOSHONE POWER PLANT,31.0,10.49,7.0,51,147.54,1408.0,53,217.0
5203939,HURT RESERVOIR,5300584,SHOSHONE POWER PLANT,31.0,8.55,181.43,52,147.54,1408.0,53,5624.33
5104057,CORRAL CREEK POND,5300584,SHOSHONE POWER PLANT,31.0,0.06,5.0,51,147.54,1408.0,53,155.0
5104062,KESSLER RESERVOIR,5300584,SHOSHONE POWER PLANT,31.0,1.51,1.1,51,147.54,1408.0,53,34.1
5104655,MOFFAT WATER TUNNEL,5300584,SHOSHONE POWER PLANT,31.0,25.36,928.0,51,147.54,1408.0,53,28768.0
5200632,SCHLEGAL DITCH (ALKALI),5300584,SHOSHONE POWER PLANT,31.0,3.3,14.76,52,147.54,1408.0,53,457.56
5200662,BEST DITCH,5300584,SHOSHONE POWER PLANT,31.0,11.1,20.8,52,147.54,1408.0,53,644.8000000000001
5203936,CASTLE RESERVOIR,5300584,SHOSHONE POWER PLANT,31.0,4.09,31.82,52,147.54,1408.0,53,986.42
5203937,CHRISTENSEN DAM,5300584,SHOSHONE POWER PLANT,31.0,0.67,10.0,52,147.54,1408.0,53,310.0
5203948,PRICE RESERVOIR,5300584,SHOSHONE POWER PLANT,31.0,5.16,51.7,52,147.54,1408.0,53,1602.7
5203967,GORE CANYON RANCH LAKE 1,5300584,SHOSHONE POWER PLANT,31.0,216.2,0.75,52,147.54,1408.0,53,23.25
5203949,ROCK GAP DAM,5300584,SHOSHONE POWER PLANT,31.0,2.26,51.69,52,147.54,1408.0,53,1602.3899999999999
5203959,OLSEN RESERVOIR NO 1,5300584,SHOSHONE POWER PLANT,31.0,4.06,37.342,52,147.54,1408.0,53,1157.6019999999999
5203960,OLSEN RESERVOIR NO 1.5,5300584,SHOSHONE POWER PLANT,31.0,4.09,3.0,52,147.54,1408.0,53,93.0
5203961,OLSEN RESERVOIR NO 2,5300584,SHOSHONE POWER PLANT,31.0,4.09,2.511,52,147.54,1408.0,53,77.84100000000001
5203962,OLSEN RESERVOIR NO 3,5300584,SHOSHONE POWER PLANT,31.0,4.09,2.289,52,147.54,1408.0,53,70.959
5203963,OLSEN RESERVOIR NO 4,5300584,SHOSHONE POWER PLANT,31.0,4.1,5.0,52,147.54,1408.0,53,155.0
5203964,OLSEN RESERVOIR NO 5,5300584,SHOSHONE POWER PLANT,31.0,4.57,3.139,52,147.54,1408.0,53,97.309
3703954,GYPSUM RANCH SAND & GRAVEL PIT,5300584,SHOSHONE POWER PLANT,31.0,,4.24,37,147.54,1408.0,53,131.44
3703938,VANHEE POND NO 2,5300584,SHOSHONE POWER PLANT,31.0,0.92,0.034,37,147.54,1408.0,53,1.054
3703542,MIN LAKE BRADY NO 1,5300584,SHOSHONE POWER PLANT,31.0,1.83,13.0,37,147.54,1408.0,53,403.0
3603698,TRIPLE CREEK POND NO 4,5300584,SHOSHONE POWER PLANT,31.0,0.5,0.003,36,147.54,1408.0,53,0.093
3603700,TRIPLE CREEK POND NO 6,5300584,SHOSHONE POWER PLANT,31.0,0.23,0.017,36,147.54,1408.0,53,0.527
3603701,TRIPLE CREEK POND NO 7,5300584,SHOSHONE POWER PLANT,31.0,0.5,0.156,36,147.54,1408.0,53,4.836
3604512,DILLON RESERVOIR,5300584,SHOSHONE POWER PLANT,31.0,44.67,407914.0,36,147.54,1408.0,53,12645334.0
3604683,CON-HOOSIER SYS BLUE RIVER DITCH,5300584,SHOSHONE POWER PLANT,31.0,64.54,200.0,36,147.54,1408.0,53,6200.0
3604684,BLUE RIVER DIVERSION PROJECT,5300584,SHOSHONE POWER PLANT,31.0,45.59,520.0,36,147.54,1408.0,53,16120.0
3604685,BOREAS NO 2 DITCH,5300584,SHOSHONE POWER PLANT,31.0,4.84,16.0,36,147.54,1408.0,53,496.0
3604687,CON-HOOSIER SYS CRYSTAL DITCH,5300584,SHOSHONE POWER PLANT,31.0,2.09,40.0,36,147.54,1408.0,53,1240.0
3604688,CON-HOOSIER SYS DITCH INTERCEPTED FLOWS,5300584,SHOSHONE POWER PLANT,31.0,64.54,50.0,36,147.54,1408.0,53,1550.0
3604690,CON-HOOSIER SYS MCCULLOUGH DITCH,5300584,SHOSHONE POWER PLANT,31.0,1.65,60.0,36,147.54,1408.0,53,1860.0
3604696,CON-HOOSIER - DITCH CLAIM 2,5300584,SHOSHONE POWER PLANT,31.0,64.54,37.0,36,147.54,1408.0,53,1147.0
3604699,CON-HOOSIER TUNNEL,5300584,SHOSHONE POWER PLANT,31.0,64.54,20.0,36,147.54,1408.0,53,620.0
3700560,CREAMERY DITCH,5300584,SHOSHONE POWER PLANT,31.0,2.12,22.96,37,147.54,1408.0,53,711.76
3700613,GRACE PARK DITCH,5300584,SHOSHONE POWER PLANT,31.0,42.26,18.5,37,147.54,1408.0,53,573.5
3700642,HOLLINGSWORTH DITCH,5300584,SHOSHONE POWER PLANT,31.0,21.6,51.62,37,147.54,1408.0,53,1600.22
3700658,HOWARD DITCH,5300584,SHOSHONE POWER PLANT,31.0,36.6,17.16,37,147.54,1408.0,53,531.96
3700682,L E D E DITCH,5300584,SHOSHONE POWER PLANT,31.0,3.96,15.23,37,147.54,1408.0,53,472.13
3700683,LEONARD HORN DITCH NO 1,5300584,SHOSHONE POWER PLANT,31.0,6.46,33.25,37,147.54,1408.0,53,1030.75
3603699,TRIPLE CREEK POND NO 5,5300584,SHOSHONE POWER PLANT,31.0,0.24,0.1,36,147.54,1408.0,53,3.1
3603694,ARAPAHOE BASIN SNOWMAKING RESERVOIR,5300584,SHOSHONE POWER PLANT,31.0,4.78,5.6,36,147.54,1408.0,53,173.6
3603657,SANDERS POND NO 1,5300584,SHOSHONE POWER PLANT,31.0,0.5,0.5,36,147.54,1408.0,53,15.5
3603692,OFF GUL RP RESERVOIR,5300584,SHOSHONE POWER PLANT,31.0,7.92,6.4,36,147.54,1408.0,53,198.4
3603662,EAGLES NEST GOLF COURSE NO1 POND,5300584,SHOSHONE POWER PLANT,31.0,0.47,12.4,36,147.54,1408.0,53,384.40000000000003
3603664,EAGLES NEST GOLF COURSE NO 4 SOUTH POND,5300584,SHOSHONE POWER PLANT,31.0,0.5,3.3,36,147.54,1408.0,53,102.3
3603665,EAGLES NEST GOLF COURSE NO4 NORTH POND,5300584,SHOSHONE POWER PLANT,31.0,0.5,1.4,36,147.54,1408.0,53,43.4
3603666,EAGLES NEST GOLF COURSE NO 7 POND,5300584,SHOSHONE POWER PLANT,31.0,1.06,7.7,36,147.54,1408.0,53,238.70000000000002
3603667,EAGLES NEST GOLF COURSE NO 9 SOUTH POND,5300584,SHOSHONE POWER PLANT,31.0,1.01,2.3,36,147.54,1408.0,53,71.3
3603668,EAGLES NEST GOLF COURSE NO 9 NORTH POND,5300584,SHOSHONE POWER PLANT,31.0,1.01,2.5,36,147.54,1408.0,53,77.5
3603669,EAGLES NEST GOLF COURSE NO12 POND,5300584,SHOSHONE POWER PLANT,31.0,1.25,3.2,36,147.54,1408.0,53,99.2
3603670,EAGLES NEST GOLF COURSE NO16 EAST POND,5300584,SHOSHONE POWER PLANT,31.0,1.25,1.3,36,147.54,1408.0,53,40.300000000000004
3603672,LAKE LACY,5300584,SHOSHONE POWER PLANT,31.0,0.96,5.0,36,147.54,1408.0,53,155.0
3603673,COUNIHAN POND,5300584,SHOSHONE POWER PLANT,31.0,31.08,2.0,36,147.54,1408.0,53,62.0
3603674,DOENZ POND,5300584,SHOSHONE POWER PLANT,31.0,3.38,1.5,36,147.54,1408.0,53,46.5
3603675,LOWER POND,5300584,SHOSHONE POWER PLANT,31.0,3.28,0.6,36,147.54,1408.0,53,18.599999999999998
3603683,WINEGARD POND 1,5300584,SHOSHONE POWER PLANT,31.0,0.42,0.1,36,147.54,1408.0,53,3.1
3603684,WINEGARD POND 2,5300584,SHOSHONE POWER PLANT,31.0,0.32,1.1,36,147.54,1408.0,53,34.1
3603685,WINEGARD POND 3,5300584,SHOSHONE POWER PLANT,31.0,0.31,7.5,36,147.54,1408.0,53,232.5
3603686,WINEGARD POND 4,5300584,SHOSHONE POWER PLANT,31.0,0.24,5.3,36,147.54,1408.0,53,164.29999999999998
3603690,BROOKS SNIDER POND,5300584,SHOSHONE POWER PLANT,31.0,0.93,0.5,36,147.54,1408.0,53,15.5
3700684,LEONARD HORN DITCH NO 2,5300584,SHOSHONE POWER PLANT,31.0,6.46,15.5,37,147.54,1408.0,53,480.5
3700694,MATHEWS DITCH,5300584,SHOSHONE POWER PLANT,31.0,4.06,19.34,37,147.54,1408.0,53,599.54
3700708,METCALF DITCH,5300584,SHOSHONE POWER PLANT,31.0,38.99,29.387,37,147.54,1408.0,53,910.9970000000001
3700711,MILES DITCH,5300584,SHOSHONE POWER PLANT,31.0,9.71,17.83,37,147.54,1408.0,53,552.7299999999999
3703510,BLACK LAKE NO 2,5300584,SHOSHONE POWER PLANT,31.0,6.99,73.0,37,147.54,1408.0,53,2263.0
3703513,CHALK MOUNTAIN RESERVOIR,5300584,SHOSHONE POWER PLANT,31.0,6.3,204.1,37,147.54,1408.0,53,6327.099999999999
3703520,L E D E RESERVOIR,5300584,SHOSHONE POWER PLANT,31.0,22.2,947.0,37,147.54,1408.0,53,29357.0
3703522,NOECKER RESERVOIR,5300584,SHOSHONE POWER PLANT,31.0,5.13,603.785,37,147.54,1408.0,53,18717.335
3703523,NOTTINGHAM RES,5300584,SHOSHONE POWER PLANT,31.0,0.87,22.0,37,147.54,1408.0,53,682.0
3703533,MIN LAKE ANTOINES CAB 1,5300584,SHOSHONE POWER PLANT,31.0,3.66,12.0,37,147.54,1408.0,53,372.0
3703534,MIN LAKE ANTOINES CAB 2,5300584,SHOSHONE POWER PLANT,31.0,3.74,9.0,37,147.54,1408.0,53,279.0
3703535,MIN LAKE BEAVER,5300584,SHOSHONE POWER PLANT,31.0,5.01,147.0,37,147.54,1408.0,53,4557.0
3703536,MIN LAKE BENCH LAKE NO 1,5300584,SHOSHONE POWER PLANT,31.0,0.0,9.0,37,147.54,1408.0,53,279.0
3703537,MIN LAKE BENCH LAKE NO 2,5300584,SHOSHONE POWER PLANT,31.0,13.87,276.0,37,147.54,1408.0,53,8556.0
3703538,MIN LAKE BLODGETT LAKE,5300584,SHOSHONE POWER PLANT,31.0,16.97,1175.0,37,147.54,1408.0,53,36425.0
3703539,MIN LAKE BRADY 2 (SOPRIS,5300584,SHOSHONE POWER PLANT,31.0,1.66,143.0,37,147.54,1408.0,53,4433.0
3703540,MIN LAKE BORAH,5300584,SHOSHONE POWER PLANT,31.0,0.75,22.5,37,147.54,1408.0,53,697.5
3703541,MIN LAKE BOWL OF TEARS,5300584,SHOSHONE POWER PLANT,31.0,2.76,1010.0,37,147.54,1408.0,53,31310.0
3703949,RED CANYON ESTATES POND # 11B,5300584,SHOSHONE POWER PLANT,31.0,1.66,0.06,37,147.54,1408.0,53,1.8599999999999999
3703543,BUXMAN FISH POND,5300584,SHOSHONE POWER PLANT,31.0,9.3,1.1,37,147.54,1408.0,53,34.1
3703544,CAMP HALE POND,5300584,SHOSHONE POWER PLANT,31.0,0.19,60.0,37,147.54,1408.0,53,1860.0
3703403,WILLIAMSON POND,5300584,SHOSHONE POWER PLANT,31.0,4.72,0.064,37,147.54,1408.0,53,1.984
3702059,MIN FLOW EAGLE RIVER LAKE CR TO BRUSH CR,5300584,SHOSHONE POWER PLANT,31.0,14.94,110.0,37,147.54,1408.0,53,3410.0
3702057,MIN FLOW GORE CR MIDDLE,5300584,SHOSHONE POWER PLANT,31.0,2.75,26.0,37,147.54,1408.0,53,806.0
3702002,MIN FLOW EAST LAKE CREEK,5300584,SHOSHONE POWER PLANT,31.0,16.5,20.0,37,147.54,1408.0,53,620.0
3700835,TOWNSEND DITCH,5300584,SHOSHONE POWER PLANT,31.0,1.4,19.514,37,147.54,1408.0,53,604.934
3700857,WILKINSON DITCH,5300584,SHOSHONE POWER PLANT,31.0,4.95,20.71,37,147.54,1408.0,53,642.01
3701066,COLUMBINE DITCH HDG 2,5300584,SHOSHONE POWER PLANT,31.0,2.1,20.0,37,147.54,1408.0,53,620.0
3701086,STONE CR RES AND DITCH,5300584,SHOSHONE POWER PLANT,31.0,0.95,15.0,37,147.54,1408.0,53,465.0
3701255,HOMESTAKE PROJ CONDUIT,5300584,SHOSHONE POWER PLANT,31.0,13.76,39.8,37,147.54,1408.0,53,1233.8
3701290,WARREN E WURTS DITCH EXT,5300584,SHOSHONE POWER PLANT,31.0,3.28,44.0,37,147.54,1408.0,53,1364.0
3701300,EAGLE RIVER DIVR PT NO. 1,5300584,SHOSHONE POWER PLANT,31.0,30.83,131.75,37,147.54,1408.0,53,4084.25
3702012,MIN FLOW EAGLE RIVER BRUSH CR TO COLO R,5300584,SHOSHONE POWER PLANT,31.0,0.1,130.0,37,147.54,1408.0,53,4030.0
3702048,MIN FLOW BEAVER CREEK,5300584,SHOSHONE POWER PLANT,31.0,5.0,12.0,37,147.54,1408.0,53,372.0
3702018,MIN FLOW CROSS CR LOWER,5300584,SHOSHONE POWER PLANT,31.0,0.02,20.0,37,147.54,1408.0,53,620.0
3702028,MIN FLOW EAGLE RIVER HOMESTAKE TO CROSS CR,5300584,SHOSHONE POWER PLANT,31.0,46.57,25.0,37,147.54,1408.0,53,775.0
3702034,MIN FLOW EAGLE RIVER RESOLUTION TO HOMESTAKE,5300584,SHOSHONE POWER PLANT,31.0,52.2,15.0,37,147.54,1408.0,53,465.0
3702041,MIN FLOW EAGLE RIVER GORE CR TO LAKE CR,5300584,SHOSHONE POWER PLANT,31.0,32.59,85.0,37,147.54,1408.0,53,2635.0
3702042,MIN FLOW EAGLE RIVER CROSS CR TO GORE CR,5300584,SHOSHONE POWER PLANT,31.0,42.78,50.0,37,147.54,1408.0,53,1550.0
3702043,MIN FLOW BRUSH CREEK,5300584,SHOSHONE POWER PLANT,31.0,11.69,12.0,37,147.54,1408.0,53,372.0
3702046,MIN FLOW EAGLE RIVER S AND E FK TO RESOLUTION CR,5300584,SHOSHONE POWER PLANT,31.0,58.57,12.0,37,147.54,1408.0,53,372.0
3603661,MILLIGAN RESERVOIR,5300584,SHOSHONE POWER PLANT,31.0,2.02,10.0,36,147.54,1408.0,53,310.0
3603656,YOSUICHI RESERVOIR,5300584,SHOSHONE POWER PLANT,31.0,0.51,1.75,36,147.54,1408.0,53,54.25
3703547,MIN LAKE DELUGE LAKE,5300584,SHOSHONE POWER PLANT,31.0,2.59,28.0,37,147.54,1408.0,53,868.0
3602037,MIN FLOW BLUE RIVER 4 - SWAN RIVER TO DILLON,5300584,SHOSHONE POWER PLANT,31.0,49.01,32.0,36,147.54,1408.0,53,992.0
3602044,MIN FLOW BLUE RIVER 6 - STRAIGHT CK TO WILLOW CK,5300584,SHOSHONE POWER PLANT,31.0,41.96,55.0,36,147.54,1408.0,53,1705.0
3602045,MIN FLOW BLUE RIVER 7 - ROCK CK TO WILLOW CK,5300584,SHOSHONE POWER PLANT,31.0,35.6,75.0,36,147.54,1408.0,53,2325.0
3602046,MIN FLOW BLUE RIVER 8 - ROCK CK TO BOULDER CK,5300584,SHOSHONE POWER PLANT,31.0,33.97,115.0,36,147.54,1408.0,53,3565.0
3602047,MIN FLOW BLUE RIVER 9 - BOULDER CK TO SLATE CK,5300584,SHOSHONE POWER PLANT,31.0,29.76,125.0,36,147.54,1408.0,53,3875.0
3602048,MIN FLOW BLUE RIVER 10 - SLATE CK TO GMR,5300584,SHOSHONE POWER PLANT,31.0,22.86,125.0,36,147.54,1408.0,53,3875.0
3602049,MIN FLOW BLUE RIVER 11 - GMR TO COLORADO RIVER,5300584,SHOSHONE POWER PLANT,31.0,0.02,60.0,36,147.54,1408.0,53,1860.0
3603533,BLACK LAKE RESERVOIR,5300584,SHOSHONE POWER PLANT,31.0,5.49,1997.2,36,147.54,1408.0,53,61913.200000000004
3603534,BOBO STRAIT RESERVOIR,5300584,SHOSHONE POWER PLANT,31.0,41.95,40.0,36,147.54,1408.0,53,1240.0
3603537,BUMGARNER RESERVOIR,5300584,SHOSHONE POWER PLANT,31.0,6.1,22.0,36,147.54,1408.0,53,682.0
3603538,CATARACT LAKE,5300584,SHOSHONE POWER PLANT,31.0,3.45,1652.8,36,147.54,1408.0,53,51236.799999999996
3603542,GOOSE PASTURE TARN,5300584,SHOSHONE POWER PLANT,31.0,58.62,1498.73,36,147.54,1408.0,53,46460.63
3603544,GRIGGS RESERVOIR,5300584,SHOSHONE POWER PLANT,31.0,0.31,40.8,36,147.54,1408.0,53,1264.8
3603545,GRIGGS RESERVOIR NO 2,5300584,SHOSHONE POWER PLANT,31.0,0.71,7.85,36,147.54,1408.0,53,243.35
3603549,JONES RESERVOIR,5300584,SHOSHONE POWER PLANT,31.0,5.13,14.6,36,147.54,1408.0,53,452.59999999999997
3603555,LOST LAKE RESERVOIR,5300584,SHOSHONE POWER PLANT,31.0,23.9,75.0,36,147.54,1408.0,53,2325.0
3603565,REYNOLDS RESERVOIR,5300584,SHOSHONE POWER PLANT,31.0,1.79,206.84,36,147.54,1408.0,53,6412.04
3603569,UPPER BLACK CREEK RESERVOIR,5300584,SHOSHONE POWER PLANT,31.0,4.56,428.34,36,147.54,1408.0,53,13278.539999999999
3602043,MIN FLOW BLUE RIVER 5 - DILLON TO STRAIGHT CK,5300584,SHOSHONE POWER PLANT,31.0,44.07,50.0,36,147.54,1408.0,53,1550.0
3602033,MIN FLOW SNAKE RIVER LOW - NORTH FORK TO DILLON,5300584,SHOSHONE POWER PLANT,31.0,2.52,12.0,36,147.54,1408.0,53,372.0
3603655,BARBER POND,5300584,SHOSHONE POWER PLANT,31.0,36.81,5.2,36,147.54,1408.0,53,161.20000000000002
3602030,MIN FLOW BLUE RIVER 3 - SWAN RIVER UP TO POND,5300584,SHOSHONE POWER PLANT,31.0,50.93,20.0,36,147.54,1408.0,53,620.0
3600660,HIGH MILLER DITCH,5300584,SHOSHONE POWER PLANT,31.0,28.69,25.1,36,147.54,1408.0,53,778.1
3600687,KIRKWOOD DITCH,5300584,SHOSHONE POWER PLANT,31.0,1.89,16.65,36,147.54,1408.0,53,516.15
3600734,MCKAY DITCH,5300584,SHOSHONE POWER PLANT,31.0,40.18,18.67,36,147.54,1408.0,53,578.7700000000001
3600775,PHARO DITCH,5300584,SHOSHONE POWER PLANT,31.0,9.0,17.25,36,147.54,1408.0,53,534.75
3600776,PHARO BAUER DITCH,5300584,SHOSHONE POWER PLANT,31.0,8.05,39.25,36,147.54,1408.0,53,1216.75
3600780,PLUNGER DITCH,5300584,SHOSHONE POWER PLANT,31.0,32.49,19.0,36,147.54,1408.0,53,589.0
3600796,SAUMS DITCH,5300584,SHOSHONE POWER PLANT,31.0,0.57,17.04,36,147.54,1408.0,53,528.24
3600803,SMITH NO 2 DITCH,5300584,SHOSHONE POWER PLANT,31.0,1.59,30.0,36,147.54,1408.0,53,930.0
3600830,SUPPLY CANAL NO 1 CLINTON,5300584,SHOSHONE POWER PLANT,31.0,18.46,20.0,36,147.54,1408.0,53,620.0
3600912,TIGER RUN - BLUE RIVER DIVERSION,5300584,SHOSHONE POWER PLANT,31.0,51.42,19.99,36,147.54,1408.0,53,619.6899999999999
3600985,BLUE VALLEY RANCH HYDRO,5300584,SHOSHONE POWER PLANT,31.0,8.06,129.0,36,147.54,1408.0,53,3999.0
3601044,BRECKENRIDGE SKI AREA PUMP PLANT & PIPELINE,5300584,SHOSHONE POWER PLANT,31.0,56.47,417.43,36,147.54,1408.0,53,12940.33
3601051,FREMONT NO 1 DITCH - MIDDLE FORK,5300584,SHOSHONE POWER PLANT,31.0,18.46,20.0,36,147.54,1408.0,53,620.0
3601052,FREMONT NO 1 DITCH - NORTH FORK,5300584,SHOSHONE POWER PLANT,31.0,18.46,20.0,36,147.54,1408.0,53,620.0
3601058,VIDLER TUNNEL UNIT HDGT D,5300584,SHOSHONE POWER PLANT,31.0,5.77,28.46,36,147.54,1408.0,53,882.26
3601085,COPPER MTN WEST LAKE PIPELINE 1,5300584,SHOSHONE POWER PLANT,31.0,1.33,14.4,36,147.54,1408.0,53,446.40000000000003
3601100,BLUE RIVER VALLEY RANCH RESERVOIR DIVERSION,5300584,SHOSHONE POWER PLANT,31.0,42.22,3.0,36,147.54,1408.0,53,93.0
3603570,CON-HOOSIER UPPER BLUE LAKE,5300584,SHOSHONE POWER PLANT,31.0,64.36,2140.0,36,147.54,1408.0,53,66340.0
3603571,WAY RESERVOIR,5300584,SHOSHONE POWER PLANT,31.0,2.33,93.67,36,147.54,1408.0,53,2903.77
3603573,MIN LAKE BOULDER LAKE,5300584,SHOSHONE POWER PLANT,31.0,4.43,8.0,36,147.54,1408.0,53,248.0
3603574,MIN LAKE CLIFF LAKE,5300584,SHOSHONE POWER PLANT,31.0,8.63,271.0,36,147.54,1408.0,53,8401.0
3603605,MIN LAKE MIRROR LAKE,5300584,SHOSHONE POWER PLANT,31.0,9.0,41.0,36,147.54,1408.0,53,1271.0
3603606,OFFICERS GULCH POND,5300584,SHOSHONE POWER PLANT,31.0,8.12,100.0,36,147.54,1408.0,53,3100.0
3603610,SWEETWATER POND NO 2,5300584,SHOSHONE POWER PLANT,31.0,16.69,0.013,36,147.54,1408.0,53,0.40299999999999997
3603611,SWEETWATER POND NO 3,5300584,SHOSHONE POWER PLANT,31.0,16.7,0.013,36,147.54,1408.0,53,0.40299999999999997
3603612,SWEETWATER POND NO 4,5300584,SHOSHONE POWER PLANT,31.0,16.71,0.062,36,147.54,1408.0,53,1.922
3603613,SWEETWATER POND NO 5,5300584,SHOSHONE POWER PLANT,31.0,16.72,0.096,36,147.54,1408.0,53,2.976
3603614,SWEETWATER POND NO 6,5300584,SHOSHONE POWER PLANT,31.0,16.76,0.55,36,147.54,1408.0,53,17.05
3603615,SWEETWATER POND NO 7,5300584,SHOSHONE POWER PLANT,31.0,17.42,0.062,36,147.54,1408.0,53,1.922
3603616,SWEETWATER POND NO 8,5300584,SHOSHONE POWER PLANT,31.0,17.55,0.013,36,147.54,1408.0,53,0.40299999999999997
3603617,SWEETWATER POND NO 9,5300584,SHOSHONE POWER PLANT,31.0,17.86,0.096,36,147.54,1408.0,53,2.976
3603625,LAKE ALVIN,5300584,SHOSHONE POWER PLANT,31.0,0.62,53.14,36,147.54,1408.0,53,1647.34
3603628,FRED H POND,5300584,SHOSHONE POWER PLANT,31.0,2.27,2.5,36,147.54,1408.0,53,77.5
3603635,WYLER RESERVOIR,5300584,SHOSHONE POWER PLANT,31.0,1.28,15.0,36,147.54,1408.0,53,465.0
3603636,EAGLES NEST RESERVOIR,5300584,SHOSHONE POWER PLANT,31.0,39.97,25.0,36,147.54,1408.0,53,775.0
3603638,UPPER SLATE LAKE,5300584,SHOSHONE POWER PLANT,31.0,10.03,336.0,36,147.54,1408.0,53,10416.0
3603651,FAUSEL POND NO 1,5300584,SHOSHONE POWER PLANT,31.0,36.75,1.0,36,147.54,1408.0,53,31.0
3603652,FAUSEL POND NO 2,5300584,SHOSHONE POWER PLANT,31.0,36.51,40.0,36,147.54,1408.0,53,1240.0
3603604,MIN LAKE MAHAN LAKE,5300584,SHOSHONE POWER PLANT,31.0,6.63,173.0,36,147.54,1408.0,53,5363.0
3603599,SAWMILL RESERVOIR,5300584,SHOSHONE POWER PLANT,31.0,0.94,36.894,36,147.54,1408.0,53,1143.714
3603596,BILLS RANCH LAKE,5300584,SHOSHONE POWER PLANT,31.0,0.82,16.83,36,147.54,1408.0,53,521.7299999999999
3603585,MIN LAKE LOWER WHEELER,5300584,SHOSHONE POWER PLANT,31.0,9.58,48.0,36,147.54,1408.0,53,1488.0
3603578,GRIGGS RESERVOIR NO 3,5300584,SHOSHONE POWER PLANT,31.0,0.45,34.734,36,147.54,1408.0,53,1076.7540000000001
3603579,GRIGGS RESERVOIR NO 4,5300584,SHOSHONE POWER PLANT,31.0,0.18,4.1,36,147.54,1408.0,53,127.1
3603580,GRIGGS RESERVOIR NO 5,5300584,SHOSHONE POWER PLANT,31.0,0.46,2.3,36,147.54,1408.0,53,71.3
3603581,GRIGGS RESERVOIR NO 6,5300584,SHOSHONE POWER PLANT,31.0,0.51,1.2,36,147.54,1408.0,53,37.199999999999996
3603582,GRIGGS RESERVOIR NO 7,5300584,SHOSHONE POWER PLANT,31.0,0.62,1.0,36,147.54,1408.0,53,31.0
3603583,HEIT RANCH RESERVOIR,5300584,SHOSHONE POWER PLANT,31.0,42.74,30.0,36,147.54,1408.0,53,930.0
3603584,MIN LAKE LOST LAKE,5300584,SHOSHONE POWER PLANT,31.0,8.13,9.0,36,147.54,1408.0,53,279.0
3603586,MIN LAKE MOHAWK NO 2,5300584,SHOSHONE POWER PLANT,31.0,2.87,444.0,36,147.54,1408.0,53,13764.0
3603595,VALLEY OF THE BLUE RESERVOIR 1,5300584,SHOSHONE POWER PLANT,31.0,64.43,4.2,36,147.54,1408.0,53,130.20000000000002
3603587,MIN LAKE MOHAWK NO 5,5300584,SHOSHONE POWER PLANT,31.0,2.87,64.0,36,147.54,1408.0,53,1984.0
3603588,MIN LAKE MOHAWK NO 6,5300584,SHOSHONE POWER PLANT,31.0,2.87,288.0,36,147.54,1408.0,53,8928.0
3603589,MIN LAKE MOHAWK  NO 7,5300584,SHOSHONE POWER PLANT,31.0,2.87,15.0,36,147.54,1408.0,53,465.0
3603591,MIN LAKE SALMON LAKE,5300584,SHOSHONE POWER PLANT,31.0,37.34,70.0,36,147.54,1408.0,53,2170.0
3603592,SHANE RESERVOIR,5300584,SHOSHONE POWER PLANT,31.0,0.32,6.0,36,147.54,1408.0,53,186.0
3603593,MIN LAKE SLATE LAKE NO 1,5300584,SHOSHONE POWER PLANT,31.0,10.03,350.0,36,147.54,1408.0,53,10850.0
3603594,MIN LAKE UPPER WHEELER,5300584,SHOSHONE POWER PLANT,31.0,9.58,70.0,36,147.54,1408.0,53,2170.0
3703546,MIN LAKE CLEVELAND,5300584,SHOSHONE POWER PLANT,31.0,3.24,26.0,37,147.54,1408.0,53,806.0
5304057,WILBURS POND,5300584,SHOSHONE POWER PLANT,31.0,8.27,2.5,53,147.54,1408.0,53,77.5
3703550,MIN LAKE FANCY,5300584,SHOSHONE POWER PLANT,31.0,2.26,84.0,37,147.54,1408.0,53,2604.0
3703838,FROST RESERVOIR,5300584,SHOSHONE POWER PLANT,31.0,5.0,0.1,37,147.54,1408.0,53,3.1
3703818,BROOKS RESERVOIR,5300584,SHOSHONE POWER PLANT,31.0,3.5,0.1,37,147.54,1408.0,53,3.1
3703820,BUCK CR RESERVOIR,5300584,SHOSHONE POWER PLANT,31.0,2.16,0.5,37,147.54,1408.0,53,15.5
3703822,CHERRY LAKE,5300584,SHOSHONE POWER PLANT,31.0,3.7,10.0,37,147.54,1408.0,53,310.0
3703825,CROSS GUL #2 RESERVOIR,5300584,SHOSHONE POWER PLANT,31.0,3.0,0.5,37,147.54,1408.0,53,15.5
3703829,DENISON D RESERVOIR,5300584,SHOSHONE POWER PLANT,31.0,3.9,0.1,37,147.54,1408.0,53,3.1
3703830,DENISON RESERVOIR,5300584,SHOSHONE POWER PLANT,31.0,3.9,0.2,37,147.54,1408.0,53,6.2
3703833,EAST BEARD RESERVOIR,5300584,SHOSHONE POWER PLANT,31.0,3.1,0.1,37,147.54,1408.0,53,3.1
3703836,ERICKSON LK RESERVOIR,5300584,SHOSHONE POWER PLANT,31.0,3.6,0.1,37,147.54,1408.0,53,3.1
3703840,GYPSUM CRWD3 RESERVOIR,5300584,SHOSHONE POWER PLANT,31.0,1.34,0.1,37,147.54,1408.0,53,3.1
3703785,GRAHAM POND NO 1,5300584,SHOSHONE POWER PLANT,31.0,0.79,0.17,37,147.54,1408.0,53,5.2700000000000005
3703842,HELLSHOLE RESERVOIR,5300584,SHOSHONE POWER PLANT,31.0,1.0,0.1,37,147.54,1408.0,53,3.1
3703843,HOLLAND RESERVOIR,5300584,SHOSHONE POWER PLANT,31.0,3.5,0.1,37,147.54,1408.0,53,3.1
3703847,JAMES RESERVOIR,5300584,SHOSHONE POWER PLANT,31.0,1.2,0.2,37,147.54,1408.0,53,6.2
3703851,LOST LAKE,5300584,SHOSHONE POWER PLANT,31.0,3.0,15.0,37,147.54,1408.0,53,465.0
3703855,MCGINLEY RESERVOIR,5300584,SHOSHONE POWER PLANT,31.0,1.0,0.1,37,147.54,1408.0,53,3.1
3703856,MCKENZIE RESERVOIR,5300584,SHOSHONE POWER PLANT,31.0,2.19,0.1,37,147.54,1408.0,53,3.1
3703858,METCALF RESERVOIR,5300584,SHOSHONE POWER PLANT,31.0,3.0,0.5,37,147.54,1408.0,53,15.5
3703859,METENYPK RESERVOIR,5300584,SHOSHONE POWER PLANT,31.0,11.62,0.1,37,147.54,1408.0,53,3.1
3703817,BOWN RESERVOIR,5300584,SHOSHONE POWER PLANT,31.0,3.5,0.1,37,147.54,1408.0,53,3.1
3703816,BORAH LAKE,5300584,SHOSHONE POWER PLANT,31.0,12.12,5.0,37,147.54,1408.0,53,155.0
3703814,BLACK LAKE 1,5300584,SHOSHONE POWER PLANT,31.0,7.56,44.4,37,147.54,1408.0,53,1376.3999999999999
3703813,BIG PARKS RESERVOIR,5300584,SHOSHONE POWER PLANT,31.0,4.1,0.1,37,147.54,1408.0,53,3.1
3703551,MIN LAKE GORE LAKE,5300584,SHOSHONE POWER PLANT,31.0,16.11,25.0,37,147.54,1408.0,53,775.0
3703792,ARROWHEAD PONDS,5300584,SHOSHONE POWER PLANT,31.0,0.08,2.4,37,147.54,1408.0,53,74.39999999999999
3703793,GREENS OF ARROWHEAD PONDS,5300584,SHOSHONE POWER PLANT,31.0,0.41,0.7,37,147.54,1408.0,53,21.7
3703795,DELIA POND,5300584,SHOSHONE POWER PLANT,31.0,18.69,1.7,37,147.54,1408.0,53,52.699999999999996
3703796,RED CANYON ESTATES POND NO. 1,5300584,SHOSHONE POWER PLANT,31.0,0.16,1.0,37,147.54,1408.0,53,31.0
3703797,RED CANYON ESTATES POND NO. 2,5300584,SHOSHONE POWER PLANT,31.0,0.22,2.5,37,147.54,1408.0,53,77.5
3703798,RED CANYON ESTATES POND NO. 3,5300584,SHOSHONE POWER PLANT,31.0,0.27,2.0,37,147.54,1408.0,53,62.0
3703799,RED CANYON ESTATES POND NO. 4,5300584,SHOSHONE POWER PLANT,31.0,0.41,3.4,37,147.54,1408.0,53,105.39999999999999
3703801,RED CANYON ESTATES POND NO. 6,5300584,SHOSHONE POWER PLANT,31.0,0.59,0.5,37,147.54,1408.0,53,15.5
3703802,RED CANYON ESTATES POND NO. 7,5300584,SHOSHONE POWER PLANT,31.0,0.82,5.0,37,147.54,1408.0,53,155.0
3703803,RED CANYON ESTATES POND NO. 8,5300584,SHOSHONE POWER PLANT,31.0,1.1,3.3,37,147.54,1408.0,53,102.3
3703804,RED CANYON ESTATES POND NO. 9,5300584,SHOSHONE POWER PLANT,31.0,1.22,5.3,37,147.54,1408.0,53,164.29999999999998
3703805,RED CANYON ESTATES POND NO. 10,5300584,SHOSHONE POWER PLANT,31.0,1.64,0.5,37,147.54,1408.0,53,15.5
3703807,RED CANYON ESTATES POND NO. 12,5300584,SHOSHONE POWER PLANT,31.0,1.56,1.8,37,147.54,1408.0,53,55.800000000000004
3703808,RED CANYON ESTATES POND NO. 13,5300584,SHOSHONE POWER PLANT,31.0,1.79,0.6,37,147.54,1408.0,53,18.599999999999998
3703809,RED CANYON ESTATES POND NO. 14,5300584,SHOSHONE POWER PLANT,31.0,1.88,0.3,37,147.54,1408.0,53,9.299999999999999
3703811,BEAR GUL RES,5300584,SHOSHONE POWER PLANT,31.0,20.08,0.1,37,147.54,1408.0,53,3.1
3703863,N MILLER RESERVOIR,5300584,SHOSHONE POWER PLANT,31.0,2.15,0.2,37,147.54,1408.0,53,6.2
3703877,TRACEYS RESERVOIR,5300584,SHOSHONE POWER PLANT,31.0,4.36,0.2,37,147.54,1408.0,53,6.2
3703878,TRAER GULCH RESERVOIR,5300584,SHOSHONE POWER PLANT,31.0,1.84,0.5,37,147.54,1408.0,53,15.5
3703908,CHIPMAN POND,5300584,SHOSHONE POWER PLANT,31.0,32.36,3.0,37,147.54,1408.0,53,93.0
3703910,KP POND NO. 1,5300584,SHOSHONE POWER PLANT,31.0,0.26,0.27,37,147.54,1408.0,53,8.370000000000001
3703911,KP POND NO. 2,5300584,SHOSHONE POWER PLANT,31.0,0.22,0.78,37,147.54,1408.0,53,24.18
3703913,LISA POND,5300584,SHOSHONE POWER PLANT,31.0,1.43,0.64,37,147.54,1408.0,53,19.84
3703914,BETTY POND,5300584,SHOSHONE POWER PLANT,31.0,1.41,0.85,37,147.54,1408.0,53,26.349999999999998
3703924,KUNKEL RESERVOIR,5300584,SHOSHONE POWER PLANT,31.0,2.25,1.2,37,147.54,1408.0,53,37.199999999999996
3703925,MCKENZIE UPPER POND,5300584,SHOSHONE POWER PLANT,31.0,8.42,0.15,37,147.54,1408.0,53,4.6499999999999995
3703926,MCKENZIE UPPER POND,5300584,SHOSHONE POWER PLANT,31.0,8.42,0.6,37,147.54,1408.0,53,18.599999999999998
3703927,THOMPSON POND,5300584,SHOSHONE POWER PLANT,31.0,2.61,0.221,37,147.54,1408.0,53,6.851
3703930,BRETT RANCH POND NO 2,5300584,SHOSHONE POWER PLANT,31.0,0.35,3.22,37,147.54,1408.0,53,99.82000000000001
3703931,EWING POND,5300584,SHOSHONE POWER PLANT,31.0,1.23,8.13,37,147.54,1408.0,53,252.03000000000003
3703934,COTTON RANCH POND NO 3,5300584,SHOSHONE POWER PLANT,31.0,0.95,0.514,37,147.54,1408.0,53,15.934000000000001
3703935,COTTON RANCH POND NO 4,5300584,SHOSHONE POWER PLANT,31.0,1.54,1.79,37,147.54,1408.0,53,55.49
3703936,BRANDON POND,5300584,SHOSHONE POWER PLANT,31.0,1.46,8.0,37,147.54,1408.0,53,248.0
3703937,VANHEE POND NO 1,5300584,SHOSHONE POWER PLANT,31.0,0.92,0.142,37,147.54,1408.0,53,4.401999999999999
3703939,VANHEE POND NO 3,5300584,SHOSHONE POWER PLANT,31.0,0.91,0.223,37,147.54,1408.0,53,6.913
3703944,BUCKHORN POND NO 1,5300584,SHOSHONE POWER PLANT,31.0,1.92,77.05,37,147.54,1408.0,53,2388.5499999999997
3703948,RED CANYON ESTATES POND # 11A,5300584,SHOSHONE POWER PLANT,31.0,1.7,0.07,37,147.54,1408.0,53,2.1700000000000004
3703909,MILLER POND,5300584,SHOSHONE POWER PLANT,31.0,32.36,3.0,37,147.54,1408.0,53,93.0
3703907,HARDESTY POND 4,5300584,SHOSHONE POWER PLANT,31.0,15.38,1.8,37,147.54,1408.0,53,55.800000000000004
3703879,UBRUCR RES 1,5300584,SHOSHONE POWER PLANT,31.0,11.61,0.1,37,147.54,1408.0,53,3.1
3703906,HARDESTY POND 3,5300584,SHOSHONE POWER PLANT,31.0,15.42,2.0,37,147.54,1408.0,53,62.0
3703880,UBRUCR RES 2,5300584,SHOSHONE POWER PLANT,31.0,3.2,0.1,37,147.54,1408.0,53,3.1
3703882,USAWMILL GUL RESERVOIR,5300584,SHOSHONE POWER PLANT,31.0,10.76,0.5,37,147.54,1408.0,53,15.5
3703883,VANHORN RESERVOIR,5300584,SHOSHONE POWER PLANT,31.0,1.21,0.1,37,147.54,1408.0,53,3.1
3703884,W THIRD GUL RESERVOIR,5300584,SHOSHONE POWER PLANT,31.0,7.0,0.1,37,147.54,1408.0,53,3.1
3703889,FEZ RESERVOIR,5300584,SHOSHONE POWER PLANT,31.0,2.6,0.1,37,147.54,1408.0,53,3.1
3703891,GRAHAM POND,5300584,SHOSHONE POWER PLANT,31.0,3.66,0.36,37,147.54,1408.0,53,11.16
3703892,CJC POND NO. 1,5300584,SHOSHONE POWER PLANT,31.0,2.5,1.0,37,147.54,1408.0,53,31.0
3703893,CJC POND NO. 2,5300584,SHOSHONE POWER PLANT,31.0,3.25,6.0,37,147.54,1408.0,53,186.0
3703894,JESS'S POND,5300584,SHOSHONE POWER PLANT,31.0,30.22,1.72,37,147.54,1408.0,53,53.32
3703898,TRAIL POND,5300584,SHOSHONE POWER PLANT,31.0,23.67,10.0,37,147.54,1408.0,53,310.0
3703899,LUKE POND,5300584,SHOSHONE POWER PLANT,31.0,23.67,10.0,37,147.54,1408.0,53,310.0
3703900,OLIVER POND,5300584,SHOSHONE POWER PLANT,31.0,22.76,50.0,37,147.54,1408.0,53,1550.0
3703901,SUBSTATION POND,5300584,SHOSHONE POWER PLANT,31.0,25.99,10.0,37,147.54,1408.0,53,310.0
3703902,LOWER TRAVIS POND,5300584,SHOSHONE POWER PLANT,31.0,28.36,20.0,37,147.54,1408.0,53,620.0
3703903,UPPER TRAVIS POND,5300584,SHOSHONE POWER PLANT,31.0,29.94,20.0,37,147.54,1408.0,53,620.0
3703904,HARDESTY POND 1,5300584,SHOSHONE POWER PLANT,31.0,15.51,0.5,37,147.54,1408.0,53,15.5
3703905,HARDESTY POND 2,5300584,SHOSHONE POWER PLANT,31.0,15.49,1.6,37,147.54,1408.0,53,49.6
3703786,GRAHAM POND NO 2,5300584,SHOSHONE POWER PLANT,31.0,0.0,0.13,37,147.54,1408.0,53,4.03
3703789,GOLDEN POND,5300584,SHOSHONE POWER PLANT,31.0,2.15,19.6,37,147.54,1408.0,53,607.6
3703783,LAEYENDECKER POND,5300584,SHOSHONE POWER PLANT,31.0,7.08,1.0,37,147.54,1408.0,53,31.0
3703704,14TH HOLE RESERVOIR,5300584,SHOSHONE POWER PLANT,31.0,35.11,1.3,37,147.54,1408.0,53,40.300000000000004
3703630,SCHMIDT GYPSUM RANCH DAM,5300584,SHOSHONE POWER PLANT,31.0,9.15,4.0,37,147.54,1408.0,53,124.0
3703635,15TH HOLE RESERVOIR,5300584,SHOSHONE POWER PLANT,31.0,34.58,9.2,37,147.54,1408.0,53,285.2
3703644,OLSEN RESERVOIR NO 1,5300584,SHOSHONE POWER PLANT,31.0,5.54,5.0,37,147.54,1408.0,53,155.0
3703645,WATERFORD RANCH PD P7-1,5300584,SHOSHONE POWER PLANT,31.0,5.38,0.2,37,147.54,1408.0,53,6.2
3703659,WATERFORD RANCH PD P8-2,5300584,SHOSHONE POWER PLANT,31.0,8.32,2.9,37,147.54,1408.0,53,89.89999999999999
3703665,WATERFORD RANCH PD P19-1,5300584,SHOSHONE POWER PLANT,31.0,9.24,15.0,37,147.54,1408.0,53,465.0
3703681,WILLOW CREEK RES NO1 ENL,5300584,SHOSHONE POWER PLANT,31.0,2.31,8.0,37,147.54,1408.0,53,248.0
3703682,18TH HOLE RESERVOIR,5300584,SHOSHONE POWER PLANT,31.0,35.54,1.0,37,147.54,1408.0,53,31.0
3703683,6TH HOLE RESERVOIR,5300584,SHOSHONE POWER PLANT,31.0,33.98,0.6,37,147.54,1408.0,53,18.599999999999998
3703686,MONROE POND,5300584,SHOSHONE POWER PLANT,31.0,2.12,0.73,37,147.54,1408.0,53,22.63
3703688,PETTY RESERVOIR,5300584,SHOSHONE POWER PLANT,31.0,1.91,0.325,37,147.54,1408.0,53,10.075000000000001
3703689,CORNWELL POND NO 1,5300584,SHOSHONE POWER PLANT,31.0,0.7,0.4,37,147.54,1408.0,53,12.4
3703690,COTTON POND NO 2,5300584,SHOSHONE POWER PLANT,31.0,0.95,1.922,37,147.54,1408.0,53,59.582
3703695,ROCHFORD POND,5300584,SHOSHONE POWER PLANT,31.0,15.25,1.2,37,147.54,1408.0,53,37.199999999999996
3703696,O'LAUGHLIN POND NO 1,5300584,SHOSHONE POWER PLANT,31.0,8.42,1.0,37,147.54,1408.0,53,31.0
3703782,ARROWHEAD WETLANDS,5300584,SHOSHONE POWER PLANT,31.0,0.06,1.38,37,147.54,1408.0,53,42.779999999999994
3703699,EAGLE PARK RESERVOIR,5300584,SHOSHONE POWER PLANT,31.0,5.08,3301.0,37,147.54,1408.0,53,102331.0
3703627,JUNE CREEK RESERVOIR,5300584,SHOSHONE POWER PLANT,31.0,0.41,38.0,37,147.54,1408.0,53,1178.0
3703616,ARROWHEAD DAM,5300584,SHOSHONE POWER PLANT,31.0,0.66,43.0,37,147.54,1408.0,53,1333.0
3703614,BEST POND,5300584,SHOSHONE POWER PLANT,31.0,3.55,6.0,37,147.54,1408.0,53,186.0
3703594,GOLF COURSE RES NO 1,5300584,SHOSHONE POWER PLANT,31.0,6.69,5.5,37,147.54,1408.0,53,170.5
3703552,MIN LAKE GROUSE LAKE,5300584,SHOSHONE POWER PLANT,31.0,4.59,8.0,37,147.54,1408.0,53,248.0
3703554,MIN LAKE HUNKY DORY,5300584,SHOSHONE POWER PLANT,31.0,3.2,40.0,37,147.54,1408.0,53,1240.0
3703556,MIN LAKE LAKE THOMAS,5300584,SHOSHONE POWER PLANT,31.0,10.4,532.0,37,147.54,1408.0,53,16492.0
3703569,MIN LAKE MUCKEY,5300584,SHOSHONE POWER PLANT,31.0,1.0,8.5,37,147.54,1408.0,53,263.5
3703580,SCUDDER RESERVOIR,5300584,SHOSHONE POWER PLANT,31.0,3.25,0.75,37,147.54,1408.0,53,23.25
3703590,MIN LAKE WHITNEY,5300584,SHOSHONE POWER PLANT,31.0,2.0,84.0,37,147.54,1408.0,53,2604.0
3703591,WILKINSON RESERVOIR,5300584,SHOSHONE POWER PLANT,31.0,15.81,1.98,37,147.54,1408.0,53,61.38
3703595,GOLF COURSE RES NO 2,5300584,SHOSHONE POWER PLANT,31.0,7.3,25.0,37,147.54,1408.0,53,775.0
3703607,STAUFER RESERVOIR,5300584,SHOSHONE POWER PLANT,31.0,0.47,0.57,37,147.54,1408.0,53,17.669999999999998
3703597,KEELER RESERVOIR,5300584,SHOSHONE POWER PLANT,31.0,0.47,5.0,37,147.54,1408.0,53,155.0
3703598,K A C RESERVOIR,5300584,SHOSHONE POWER PLANT,31.0,10.78,2.8,37,147.54,1408.0,53,86.8
3703601,EAGLE POND,5300584,SHOSHONE POWER PLANT,31.0,0.6,5.19,37,147.54,1408.0,53,160.89000000000001
3703603,LAKE CREEK  MEADOWS RES,5300584,SHOSHONE POWER PLANT,31.0,2.12,3.43,37,147.54,1408.0,53,106.33
3703604,WEBSTER FISH POND NO 1,5300584,SHOSHONE POWER PLANT,31.0,3.0,3.5,37,147.54,1408.0,53,108.5
3703605,WEBSTER FISH POND NO 2,5300584,SHOSHONE POWER PLANT,31.0,3.02,3.5,37,147.54,1408.0,53,108.5
3703606,WEBSTER FISH POND NO 3,5300584,SHOSHONE POWER PLANT,31.0,2.5,5.88,37,147.54,1408.0,53,182.28
3703703,CHAROLAIS RESERVOIR,5300584,SHOSHONE POWER PLANT,31.0,33.69,15.5,37,147.54,1408.0,53,480.5
3703697,O'LAUGHLIN POND NO 2,5300584,SHOSHONE POWER PLANT,31.0,8.42,1.0,37,147.54,1408.0,53,31.0
3703706,OGILBY RESERVOIR,5300584,SHOSHONE POWER PLANT,31.0,8.75,0.5,37,147.54,1408.0,53,15.5
3703757,PILGRIM RANCH POND NO 7,5300584,SHOSHONE POWER PLANT,31.0,2.12,0.33,37,147.54,1408.0,53,10.23
3703747,WILSON POND NO 4,5300584,SHOSHONE POWER PLANT,31.0,2.9,2.8,37,147.54,1408.0,53,86.8
3703718,JHY RESERVOIR,5300584,SHOSHONE POWER PLANT,31.0,1.89,4.016,37,147.54,1408.0,53,124.496
3703750,BRERETON POND,5300584,SHOSHONE POWER PLANT,31.0,1.05,5.35,37,147.54,1408.0,53,165.85
3703751,PILGRIM RANCH POND NO 1,5300584,SHOSHONE POWER PLANT,31.0,2.12,2.0,37,147.54,1408.0,53,62.0
3703753,PILGRIM RANCH POND NO 3,5300584,SHOSHONE POWER PLANT,31.0,2.12,0.11,37,147.54,1408.0,53,3.41
3703754,PILGRIM RANCH POND NO 4,5300584,SHOSHONE POWER PLANT,31.0,2.12,0.14,37,147.54,1408.0,53,4.340000000000001
3703755,PILGRIM RANCH POND NO 5,5300584,SHOSHONE POWER PLANT,31.0,2.12,0.06,37,147.54,1408.0,53,1.8599999999999999
3703756,PILGRIM RANCH POND NO 6,5300584,SHOSHONE POWER PLANT,31.0,2.12,0.33,37,147.54,1408.0,53,10.23
3703759,PILGRIM RANCH POND NO 9,5300584,SHOSHONE POWER PLANT,31.0,2.12,0.33,37,147.54,1408.0,53,10.23
3703745,WILSON POND NO 2,5300584,SHOSHONE POWER PLANT,31.0,2.9,0.6,37,147.54,1408.0,53,18.599999999999998
3703760,PILGRIM RANCH POND NO 10,5300584,SHOSHONE POWER PLANT,31.0,2.12,0.33,37,147.54,1408.0,53,10.23
3703765,PILGRIM RANCH POND NO 15,5300584,SHOSHONE POWER PLANT,31.0,2.12,0.33,37,147.54,1408.0,53,10.23
3703769,LPL RESERVOIR,5300584,SHOSHONE POWER PLANT,31.0,4.36,10.0,37,147.54,1408.0,53,310.0
3703770,KOPRIVNIKAR POND NO 1,5300584,SHOSHONE POWER PLANT,31.0,28.76,0.5,37,147.54,1408.0,53,15.5
3703771,KOPRIVNIKAR POND NO 2,5300584,SHOSHONE POWER PLANT,31.0,28.59,10.0,37,147.54,1408.0,53,310.0
3703774,BLM BLUE LAKE NO 1,5300584,SHOSHONE POWER PLANT,31.0,5.88,200.0,37,147.54,1408.0,53,6200.0
3703778,CHRIS JOUFLAS LAKE,5300584,SHOSHONE POWER PLANT,31.0,27.42,59.12,37,147.54,1408.0,53,1832.72
3703781,BACHELOR GULCH WETLANDS,5300584,SHOSHONE POWER PLANT,31.0,0.34,0.95,37,147.54,1408.0,53,29.45
3703746,WILSON POND NO 3,5300584,SHOSHONE POWER PLANT,31.0,2.93,1.1,37,147.54,1408.0,53,34.1
3703748,COLLETT POND NO 1,5300584,SHOSHONE POWER PLANT,31.0,19.63,8.0,37,147.54,1408.0,53,248.0
3703744,WILSON POND NO 1,5300584,SHOSHONE POWER PLANT,31.0,2.93,2.4,37,147.54,1408.0,53,74.39999999999999
3703732,DRY LAKE,5300584,SHOSHONE POWER PLANT,31.0,25.97,20.0,37,147.54,1408.0,53,620.0
3703723,KNAPP POND NO 1,5300584,SHOSHONE POWER PLANT,31.0,3.2,1.26,37,147.54,1408.0,53,39.06
3703743,JONES CASTLE CREEK POND,5300584,SHOSHONE POWER PLANT,31.0,1.86,7.386,37,147.54,1408.0,53,228.966
3703742,PANDO POND,5300584,SHOSHONE POWER PLANT,31.0,58.56,17.66,37,147.54,1408.0,53,547.46
3703724,KNAPP POND NO 2,5300584,SHOSHONE POWER PLANT,31.0,3.25,23.2,37,147.54,1408.0,53,719.1999999999999
3703727,JAN JOUFLAS POND,5300584,SHOSHONE POWER PLANT,31.0,1.35,2.8,37,147.54,1408.0,53,86.8
3703730,HOLLAND POND,5300584,SHOSHONE POWER PLANT,31.0,28.02,10.2,37,147.54,1408.0,53,316.2
3703736,GOLF COURSE POND NO 1,5300584,SHOSHONE POWER PLANT,31.0,0.49,6.0,37,147.54,1408.0,53,186.0
3703735,MCHATTON POND,5300584,SHOSHONE POWER PLANT,31.0,2.8,5.0,37,147.54,1408.0,53,155.0
3703731,MIRANDA POND,5300584,SHOSHONE POWER PLANT,31.0,2.09,4.1,37,147.54,1408.0,53,127.1
3703943,GYPSUM POND SYSTEM,5300584,SHOSHONE POWER PLANT,1.0,9.86,13.3,37,147.54,1408.0,53,13.3
3607293,TOWN OF BRECKENRIDGE WHITEWATER PARK,5300584,SHOSHONE POWER PLANT,1.0,55.1,500.0,36,147.54,1408.0,53,500.0
3703983,BUD'S UPPER POND,5300584,SHOSHONE POWER PLANT,1.0,32.36,0.5,37,147.54,1408.0,53,0.5
3703984,RIPPY POND,5300584,SHOSHONE POWER PLANT,1.0,7.08,0.16,37,147.54,1408.0,53,0.16
3603679,PUMP POND,5300584,SHOSHONE POWER PLANT,1.0,0.55,1.0,36,147.54,1408.0,53,1.0
3603678,SOUTH POND,5300584,SHOSHONE POWER PLANT,1.0,0.31,4.0,36,147.54,1408.0,53,4.0
5103536,MCCOY POND NO 2,5300584,SHOSHONE POWER PLANT,1.0,0.96,3.0,51,147.54,1408.0,53,3.0
3603680,HOUSE POND 1,5300584,SHOSHONE POWER PLANT,1.0,1.68,2.0,36,147.54,1408.0,53,2.0
3701412,TOWN OF VAIL WHITEWATER PARK STRUCTURE 1,5300584,SHOSHONE POWER PLANT,1.0,5.29,719.0,37,147.54,1408.0,53,719.0
3701413,TOWN OF VAIL WHITEWATER PARK STRUCTURE 2,5300584,SHOSHONE POWER PLANT,1.0,5.27,665.0,37,147.54,1408.0,53,665.0
3701414,TOWN OF VAIL WHITEWATER PARK STRUCTURE3,5300584,SHOSHONE POWER PLANT,1.0,5.25,628.0,37,147.54,1408.0,53,628.0
5303568,GUILMINEAU POND NO 2,5300584,SHOSHONE POWER PLANT,1.0,1.36,0.25,53,147.54,1408.0,53,0.25
5303567,GUILMINEAU POND NO 1,5300584,SHOSHONE POWER PLANT,1.0,1.36,0.2,53,147.54,1408.0,53,0.2
5103535,MCCOY POND NO 1,5300584,SHOSHONE POWER PLANT,1.0,1.15,1.2,51,147.54,1408.0,53,1.2
3703951,NELSON # 1 POND,5300584,SHOSHONE POWER PLANT,1.0,0.95,6.0,37,147.54,1408.0,53,6.0
