Abbrev,Water Source,GNIS ID,Stream Mile,Parameter,Station Name,Data Provider,Station Type,Gage,Stage Value,Stage Units,Stage Published,Stage Quality,Date,Parameter Value,Parameter Units,Review Status,Observation Flag,USGS ID,WDID,Div,WD,County,State,HUC10,Contributing Area,Drainage Area,UTM X,UTM Y,Latitude,Longitude,Location Accuracy,Modified,More Information
ABRJPOCO,ABRAMS CREEK,175865,5.23,DISCHRG,ABRAMS CREEK ABOVE JPO,DWR,Stream Gage,GAGE_HT,0.45,ft,O,,10/21/20 17:15,0.864,cfs,O,,,3702088,5,37,EAGLE,CO,,,,340226,4383521,39.586535,-106.860548,GPS,10/21/20 17:21,https://dwr.state.co.us/Tools/Stations/ABRJPOCO?params=DISCHRG
ALSOUTCO,EAST DIVIDE CREEK,174793,18.47,DISCHRG,ALSBURY RESERVOIR (OUTFLOW),DWR,Stream Gage,GAGE_HT,1.03,ft,O,,10/21/20 17:15,0,cfs,O,,,4503695,5,45,MESA,CO,,,,286087.3,4356681.5,39.333127,-107.481899,User supplied,10/21/20 17:17,https://dwr.state.co.us/Tools/Stations/ALSOUTCO?params=DISCHRG
ALSRESCO,EAST DIVIDE CREEK,174793,18.47,STORAGE,ALSBURY RESERVOIR,DWR,Storage Structure,ELEV,9045.46,ft,O,,10/21/20 17:15,37.1,ACFT,O,,,4503695,5,45,MESA,CO,,,,285968.7,4356646.5,39.332774,-107.483256,User supplied,10/21/20 17:17,https://dwr.state.co.us/Tools/Stations/ALSRESCO?params=STORAGE
BEAVONCO,BEAVER CREEK,175883,0.16,DISCHRG,"BEAVER CREEK AT AVON, CO",U.S. Geological Survey,Stream Gage,,,,,,10/21/20 16:15,1.68,cfs,O,,9067000,3702064,5,37,EAGLE,CO,14010003,0,14,369311,4387767,39.629702,-106.522811,GPS,10/21/20 16:34,https://dwr.state.co.us/Tools/Stations/BEAVONCO?params=DISCHRG
BEMHODCO,BLUE RIVER,173194,64.54,DISCHRG,"BEMROSE-HOOSIER DIVERSION NEAR HOOSIER PASS, CO",U.S. Geological Survey,Diversion Structure,,,,,,10/21/20 17:00,0,cfs,O,,9044300,3604696,5,36,SUMMIT,CO,14010002,0,0,407770.6,4359554.2,39.380544,-106.070853,User supplied,10/21/20 17:04,https://dwr.state.co.us/Tools/Stations/BEMHODCO?params=DISCHRG
BIGLKDCO,WILLIAMS FORK,173243,8.79,DISCHRG,BIG LAKE DITCH NEAR WILLIAMS FORK RESERVOIR,DWR,Diversion Structure,GAGE_HT,0.85,ft,O,,10/21/20 16:15,10.2,cfs,O,,,5100529,5,51,GRAND,CO,,,,400843.6,4425325,39.972277,-106.161152,GPS,10/21/20 16:27,https://dwr.state.co.us/Tools/Stations/BIGLKDCO?params=DISCHRG
BIGUPPCO,BIG CREEK,174475,5.47,DISCHRG,BIG CREEK AT UPPER STATION NEAR COLLBRAN,DWR,Stream Gage,GAGE_HT,1.1,ft,O,,10/21/20 16:15,8.38,cfs,O,,9099500,7202008,5,72,MESA,CO,14010005,,20,245154.8,4340652,39.177785,-107.950206,User supplied,10/21/20 16:28,https://dwr.state.co.us/Tools/Stations/BIGUPPCO?params=DISCHRG
BLUABLCO,BLUE RIVER,173194,58.52,DISCHRG,"BLUE RIVER AT BLUE RIVER, CO.",U.S. Geological Survey,Stream Gage,,,,,,10/21/20 16:45,11.9,cfs,O,,9046490,3602052,5,36,SUMMIT,CO,14010002,0,42,411239.6,4367869.3,39.455821,-106.031685,User supplied,10/21/20 16:54,https://dwr.state.co.us/Tools/Stations/BLUABLCO?params=DISCHRG
BLUDILCO,BLUE RIVER,173194,44.16,DISCHRG,"BLUE RIVER BELOW DILLON, CO.",U.S. Geological Survey,Stream Gage,,,,,,10/21/20 16:15,55.7,cfs,O,,9050700,3602055,5,36,SUMMIT,CO,14010002,335,335,408475.4,4386740.6,39.625542,-106.066408,User supplied,10/21/20 16:24,https://dwr.state.co.us/Tools/Stations/BLUDILCO?params=DISCHRG
BLUGRECO,BLUE RIVER,173194,15.42,DISCHRG,"BLUE RIVER BELOW GREEN MOUNTAIN RESERVOIR, CO",U.S. Geological Survey,Stream Gage,,,,,,10/21/20 17:00,490,cfs,O,,9057500,3602054,5,36,SUMMIT,CO,14010002,0,599,385936.6,4415319.2,39.880264,-106.333918,User supplied,10/21/20 17:14,https://dwr.state.co.us/Tools/Stations/BLUGRECO?params=DISCHRG
BLUNDICO,BLUE RIVER,173194,49.25,DISCHRG,"BLUE RIVER NEAR DILLON, CO",U.S. Geological Survey,Stream Gage,,,,,,10/21/20 17:00,38.4,cfs,O,,9046600,3602056,5,36,SUMMIT,CO,14010002,121,121,409853.4,4380187.6,39.566653,-106.049463,User supplied,10/21/20 17:14,https://dwr.state.co.us/Tools/Stations/BLUNDICO?params=DISCHRG
BLUNINCO,BLUE RIVER,173194,51.5,DISCHRG,BLUE RIVER AT HIGHWAY 9 BRIDGE BELOW BRECKENRIDGE,DWR,Stream Gage,GAGE_HT,0.91,ft,O,,10/21/20 16:30,23.3,cfs,O,,,3602053,5,36,SUMMIT,CO,14010002,,,410442,4377148.5,39.539337,-106.042213,User supplied,10/21/20 16:34,https://dwr.state.co.us/Tools/Stations/BLUNINCO?params=DISCHRG
BLURESCO,BLUE RIVER,173194,64.36,STORAGE,UPPER BLUE RESERVOIR NEAR BRECKENRIDGE,DWR,Storage Structure,ELEV,45.74,ft,O,,10/21/20 17:00,793,ACFT,O,,,3603570,5,36,SUMMIT,CO,14010002,,,405192.8,4360160,39.385729,-106.100872,Digitized,10/21/20 17:04,https://dwr.state.co.us/Tools/Stations/BLURESCO?params=STORAGE
BOOMINCO,BOOTH CREEK,175940,0.19,DISCHRG,"BOOTH CREEK NEAR MINTURN, CO.",U.S. Geological Survey,Stream Gage,,,,,,10/21/20 16:15,0.46,cfs,O,,9066200,3702072,5,37,EAGLE,CO,14010003,0,6,386482.8,4389561.6,39.648319,-106.323083,User supplied,10/21/20 16:34,https://dwr.state.co.us/Tools/Stations/BOOMINCO?params=DISCHRG
BULLCRCO,BULL CREEK,174489,4.34,DISCHRG,BULL CREEK ABOVE SOUTH SIDE CANAL NR MOLINA,DWR,Stream Gage,GAGE_HT,0.33,ft,O,,10/21/20 16:15,1.72,cfs,O,,,7202009,5,72,MESA,CO,,,,236562.5,4336303.7,39.136091,-108.047846,User supplied,10/21/20 16:25,https://dwr.state.co.us/Tools/Stations/BULLCRCO?params=DISCHRG
CABFRACO,CABIN CREEK,173276,1.64,DISCHRG,"CABIN CREEK NEAR FRASER, CO.",U.S. Geological Survey,Stream Gage,,,,,,10/21/20 16:30,1.52,cfs,O,,9032100,5102120,5,51,GRAND,CO,14010001,0,4,436393,4426449.1,39.98582,-105.745006,User supplied,10/21/20 16:54,https://dwr.state.co.us/Tools/Stations/CABFRACO?params=DISCHRG
CHAGULCO,CHAPMAN GULCH,169580,3.37,DISCHRG,"CHAPMAN GULCH NEAR NAST, CO.",DWR,Stream Gage,GAGE_HT,1.65,ft,O,,10/21/20 16:45,2.37,cfs,O,,9077945,3802045,5,38,PITKIN,CO,14010004,,6,359183.2,4347396,39.264481,-106.632277,User supplied,10/21/20 16:55,https://dwr.state.co.us/Tools/Stations/CHAGULCO?params=DISCHRG
CLFOFDCO,BASIN CREEK,175169,0.84,DISCHRG,"CLEAR FORK FEEDER DITCH NEAR CLEAR FORK, CO",DWR,Diversion Structure,GAGE_HT,0.02,ft,O,,10/21/20 16:15,0.297,cfs,O,,,"4004657, 4504657",5,45,MESA,CO,14010005,,,290394,4348204,39.257856,-107.42933,GPS,10/21/20 16:22,https://dwr.state.co.us/Tools/Stations/CLFOFDCO?params=DISCHRG
CLFOFDCO,TRANSBASIN WATER,,,DISCHRG,"CLEAR FORK FEEDER DITCH NEAR CLEAR FORK, CO",DWR,Diversion Structure,GAGE_HT,0.02,ft,O,,10/21/20 16:15,0.297,cfs,O,,,"4004657, 4504657",5,45,MESA,CO,14010005,,,290394,4348204,39.257856,-107.42933,GPS,10/21/20 16:22,https://dwr.state.co.us/Tools/Stations/CLFOFDCO?params=DISCHRG
COLAWICO,COLORADO RIVER,45730,256.06,DISCHRG,"COLORADO RIVER AT WINDY GAP, NEAR GRANBY, CO.",U.S. Geological Survey,Stream Gage,,,,,,10/21/20 16:45,80.3,cfs,O,,9034250,5102125,5,51,GRAND,CO,14010001,0,789,414417.9,4440262.8,40.108319,-106.004185,User supplied,10/21/20 17:04,https://dwr.state.co.us/Tools/Stations/COLAWICO?params=DISCHRG
COLBAKCO,COLORADO RIVER,45730,289.39,DISCHRG,"COLORADO RIVER BELOW BAKER GULCH NR GRAND LAKE, CO",U.S. Geological Survey,Stream Gage,,,,,,10/21/20 16:45,14.1,cfs,O,,9010500,5102121,5,51,GRAND,CO,14010001,53,53,427222.4,4464272.9,40.325818,-105.856679,User supplied,10/21/20 17:04,https://dwr.state.co.us/Tools/Stations/COLBAKCO?params=DISCHRG
COLCAMCO,COLORADO RIVER,45730,67.92,DISCHRG,"COLORADO RIVER NEAR CAMEO, CO.",U.S. Geological Survey,Stream Gage,,,,,,10/21/20 17:00,1620,cfs,O,,9095500,7202011,5,72,MESA,CO,14010005,8050,8050,218098.1,4348401,39.239146,-108.266195,User supplied,10/21/20 17:14,https://dwr.state.co.us/Tools/Stations/COLCAMCO?params=DISCHRG
COLCATCO,COLORADO RIVER,45730,187.32,DISCHRG,"COLORADO RIVER AT CATAMOUNT BRIDGE, CO",U.S. Geological Survey,Stream Gage,,,,,,10/21/20 16:30,744,cfs,O,,9060799,5202014,5,52,EAGLE,CO,,,,343394.2,4417274.5,39.891084,-106.831694,Digitized,10/21/20 16:44,https://dwr.state.co.us/Tools/Stations/COLCATCO?params=DISCHRG
COLDOTCO,COLORADO RIVER,45730,155.53,DISCHRG,"COLORADO RIVER NEAR DOTSERO, CO",U.S. Geological Survey,Stream Gage,,,,,,10/21/20 17:00,1070,cfs,O,,9070500,5302034,5,53,EAGLE,CO,14010001,4394,4394,321697.8,4390377.1,39.64461,-107.078015,GPS,10/21/20 17:14,https://dwr.state.co.us/Tools/Stations/COLDOTCO?params=DISCHRG
COLGBYCO,COLORADO RIVER,45730,266.12,DISCHRG,"COLORADO RIVER BELOW LAKE GRANBY, CO.",U.S. Geological Survey,Stream Gage,,,,,,10/21/20 16:15,21,cfs,O,,9019000,5102126,5,51,GRAND,CO,14010001,,0,426128.6,4444160,40.144543,-105.867244,User supplied,10/21/20 16:24,https://dwr.state.co.us/Tools/Stations/COLGBYCO?params=DISCHRG
COLGLECO,COLORADO RIVER,45730,136.94,DISCHRG,"COLORADO RIVER BELOW GLENWOOD SPRINGS, CO.",U.S. Geological Survey,Stream Gage,,,,,,10/21/20 16:15,1660,cfs,O,,9085100,4502010,5,45,GARFIELD,CO,14010005,0,6013,299167.2,4380976.1,39.554982,-107.337554,User supplied,10/21/20 16:34,https://dwr.state.co.us/Tools/Stations/COLGLECO?params=DISCHRG
COLGRAND,COLORADO RIVER,45730,275.07,DISCHRG,COLORADO RIVER AT GRAND LAKE (NORTH FORK),Northern Water,Stream Gage,,,,,,10/21/20 16:00,15.94,cfs,O,,WS1922,5102122,5,51,GRAND,CO,,,,427023.6,4452419.9,40.219031,-105.857675,User supplied,10/21/20 16:32,https://dwr.state.co.us/Tools/Stations/COLGRAND?params=DISCHRG
COLKBDCO,COLORADO RIVER,45730,236,DISCHRG,COLORADO RIVER AT K BARGER DITCH NEAR KREMMLING,Northern Water,Stream Gage,,,,,,10/21/20 16:00,124.39,cfs,O,,WS1855,5102124,5,51,GRAND,CO,14010001,,,390181.2,4434500.2,40.053598,-106.28753,User supplied,10/21/20 16:32,https://dwr.state.co.us/Tools/Stations/COLKBDCO?params=DISCHRG
COLKRECO,COLORADO RIVER,45730,222.8,DISCHRG,"COLORADO RIVER NEAR KREMMLING, CO",U.S. Geological Survey,Stream Gage,,,,,,10/21/20 16:15,705,cfs,O,,9058000,5302035,5,53,GRAND,CO,14010001,0,2382,377142.7,4432818.5,40.036652,-106.440032,User supplied,10/21/20 16:34,https://dwr.state.co.us/Tools/Stations/COLKRECO?params=DISCHRG
COLNGBCO,COLORADO RIVER,45730,263.28,DISCHRG,"COLORADO RIVER NEAR GRANBY, CO",U.S. Geological Survey,Stream Gage,,,,,,10/21/20 17:05,28.9,cfs,O,,9019500,5102127,5,51,GRAND,CO,14010001,0,323,423262.8,4441555.7,40.120819,-105.900569,User supplied,10/21/20 17:14,https://dwr.state.co.us/Tools/Stations/COLNGBCO?params=DISCHRG
COLPALCO,COLORADO RIVER,45730,52.59,DISCHRG,"COLO RIVER BELOW GRAND VALLEY DIV NR PALISADE, CO",U.S. Geological Survey,Stream Gage,,,,,,10/21/20 16:15,456,cfs,O,,9106150,7202010,5,72,MESA,CO,14010005,0,8753,209846.5,4333078.5,39.098592,-108.355086,User supplied,10/21/20 16:34,https://dwr.state.co.us/Tools/Stations/COLPALCO?params=DISCHRG
COLPARCO,COLORADO RIVER,45730,241.76,DISCHRG,COLORADO RIVER NEAR PARSHALL BELOW W.F. CONFLUENCE,Northern Water,Stream Gage,,,,,,10/21/20 16:00,101.65,cfs,O,,WS1854,5102128,5,51,GRAND,CO,14010001,,,398298.2,4435404.2,40.062759,-106.192527,User supplied,10/21/20 16:32,https://dwr.state.co.us/Tools/Stations/COLPARCO?params=DISCHRG
COLSULCO,COLORADO RIVER,45730,250.85,DISCHRG,"COLORADO RIVER AT HOT SULPHUR SPRINGS, CO.",Northern Water,Stream Gage,,,,,,10/21/20 16:00,84.36,cfs,O,,WS1853,5102123,5,51,GRAND,CO,14010001,0,825,407234.4,4437572.3,40.083321,-106.088074,User supplied,10/21/20 16:32,https://dwr.state.co.us/Tools/Stations/COLSULCO?params=DISCHRG
COLUTACO,COLORADO RIVER,45730,2.15,DISCHRG,COLORADO RIVER NEAR COLORADO-UTAH STATE LINE,U.S. Geological Survey,Stream Gage,,,,,,10/21/20 16:45,2540,cfs,O,,9163500,7202012,5,72,MESA,CO,14010005,17843,17843,151884,4339237.2,39.13276,-109.027055,User supplied,10/21/20 16:54,https://dwr.state.co.us/Tools/Stations/COLUTACO?params=DISCHRG
CROMINCO,CROSS CREEK,176117,0.43,DISCHRG,"CROSS CREEK NEAR MINTURN, CO",U.S. Geological Survey,Stream Gage,,,,,,10/21/20 16:15,4.59,cfs,O,,9065100,3702073,5,37,EAGLE,CO,14010003,34,34,378677.1,4380796.3,39.568292,-106.412431,User supplied,10/21/20 16:24,https://dwr.state.co.us/Tools/Stations/CROMINCO?params=DISCHRG
CRYAVACO,CRYSTAL RIVER,174835,15.08,DISCHRG,"CRYSTAL RIVER ABV AVALANCHE CRK, NEAR REDSTONE, CO",U.S. Geological Survey,Stream Gage,,,,,,,57.1,cfs,O,,9081600,3802054,5,38,PITKIN,CO,14010004,0,167,307740.2,4344957.6,39.232639,-107.2275,User supplied,9/29/20 12:07,https://dwr.state.co.us/Tools/Stations/CRYAVACO?params=DISCHRG
CRYDOWCO,CRYSTAL RIVER,174835,3.77,DISCHRG,CRYSTAL RIVER AT DOW FISH HATCHERY AB CARBONDALE,DWR,Stream Gage,GAGE_HT,3.71,ft,O,,10/21/20 16:45,60.5,cfs,O,,,3802055,5,38,GARFIELD,CO,,,,310111,4360980,39.377436,-107.204587,Digitized,10/21/20 16:54,https://dwr.state.co.us/Tools/Stations/CRYDOWCO?params=DISCHRG
EAGAVOCO,EAGLE RIVER,174007,37.46,DISCHRG,"EAGLE R BLW WASTEWATER TREATMENT PLANT AT AVON, CO",U.S. Geological Survey,Stream Gage,,,,,,10/21/20 16:30,55,cfs,O,,9067020,3702077,5,37,EAGLE,CO,14010003,,401,368489.3,4388368.9,39.634998,-106.532501,User supplied,10/21/20 16:54,https://dwr.state.co.us/Tools/Stations/EAGAVOCO?params=DISCHRG
EAGCLICO,EAST FORK EAGLE RIVER,179570,4,DISCHRG,"EAST FORK EAGLE RIVER NEAR CLIMAX, CO",U.S. Geological Survey,Stream Gage,,,,,,10/21/20 16:30,0.56,cfs,O,,9061600,3702079,5,37,EAGLE,CO,14010003,0,7,392408.2,4363050.7,39.410265,-106.249747,GPS,10/21/20 16:34,https://dwr.state.co.us/Tools/Stations/EAGCLICO?params=DISCHRG
EAGGYPCO,EAGLE RIVER,174007,7.75,DISCHRG,"EAGLE RIVER BELOW GYPSUM, CO.",U.S. Geological Survey,Stream Gage,,,,,,10/21/20 16:15,143,cfs,O,,9070000,3702076,5,37,EAGLE,CO,14010003,0,944,332380.8,4390672.4,39.64943,-106.953655,User supplied,10/21/20 16:34,https://dwr.state.co.us/Tools/Stations/EAGGYPCO?params=DISCHRG
EAGMILCO,EAGLE RIVER,174007,23.21,DISCHRG,"EAGLE RIVER BELOW MILK CREEK NEAR WOLCOTT, CO",U.S. Geological Survey,Stream Gage,,,,,,10/21/20 16:15,90.1,cfs,O,,3.9422E+14,3702075,5,37,EAGLE,CO,14010003,,,352047.2,4396439.6,39.705,-106.725833,GPS,10/21/20 16:24,https://dwr.state.co.us/Tools/Stations/EAGMILCO?params=DISCHRG
EAGMINCO,EAGLE RIVER,174007,47.86,DISCHRG,"EAGLE RIVER NEAR MINTURN, CO",U.S. Geological Survey,Stream Gage,,,,,,10/21/20 16:15,24.6,cfs,O,,9064600,3702078,5,37,EAGLE,CO,14010003,186,186,379502.7,4379182.8,39.553875,-106.402529,User supplied,10/21/20 16:34,https://dwr.state.co.us/Tools/Stations/EAGMINCO?params=DISCHRG
EAGREDCO,EAGLE RIVER,174007,53.18,DISCHRG,"EAGLE RIVER AT RED CLIFF, CO.",U.S. Geological Survey,Stream Gage,,,,,,10/21/20 16:45,9.88,cfs,O,,9063000,3702074,5,37,EAGLE,CO,14010003,0,70,382504.7,4374079.3,39.508319,-106.366695,User supplied,10/21/20 16:54,https://dwr.state.co.us/Tools/Stations/EAGREDCO?params=DISCHRG
EASINLET,EAST INLET,178127,1.24,DISCHRG,EAST INLET CREEK,Northern Water,Stream Gage,,,,,,10/21/20 16:00,3.62,cfs,O,,WS1920,5102129,5,51,GRAND,CO,,,,431849.3,4454361.7,40.236923,-105.801166,User supplied,10/21/20 16:32,https://dwr.state.co.us/Tools/Stations/EASINLET?params=DISCHRG
ERIRGRCO,EAST RIFLE CREEK,173763,2.28,DISCHRG,EAST RIFLE CREEK ABOVE RIFLE GAP RESERVOIR,DWR,Stream Gage,GAGE_HT,0.62,ft,O,,10/21/20 16:30,6.96,cfs,O,,,3902028,5,39,GARFIELD,CO,14010005,,,265491.5,4390790,39.634774,-107.732604,User supplied,10/21/20 16:40,https://dwr.state.co.us/Tools/Stations/ERIRGRCO?params=DISCHRG
FRAGRACO,FRASER RIVER,178386,0.24,DISCHRG,"FRASER RIVER AT GRANBY, CO.",Northern Water,Stream Gage,,,,,,10/21/20 16:15,40.96,cfs,O,,WS1859,5102130,5,51,GRAND,CO,14010001,,297,418557.4,4437657.8,40.085262,-105.955292,User supplied,10/21/20 16:42,https://dwr.state.co.us/Tools/Stations/FRAGRACO?params=DISCHRG
FRAJIMCO,JIM CREEK,180945,0.94,DISCHRG,"FRASER-JIM CREEK DIVERSION AT WINTER PARK, CO",DWR,Diversion Structure,GAGE_HT,0.1,ft,O,,10/21/20 16:15,0.25,cfs,O,,,5101264,5,51,GRAND,CO,14010001,,0,436315,4415099,39.886654,-105.757507,User supplied,10/21/20 16:26,https://dwr.state.co.us/Tools/Stations/FRAJIMCO?params=DISCHRG
FRATABCO,FRASER RIVER,178386,13.19,DISCHRG,FRASER RIVER BLW CROOKED CR AT TABERNASH CO,U.S. Geological Survey,Stream Gage,,,,,,10/21/20 16:15,38.4,cfs,O,,9033300,5102134,5,51,GRAND,CO,14010001,0,224,427598.5,4428866.7,40.006892,-105.848272,User supplied,10/21/20 16:34,https://dwr.state.co.us/Tools/Stations/FRATABCO?params=DISCHRG
FRATBRCO,FRASER RIVER,178386,15.13,DISCHRG,"FRASER RIVER AT TABERNASH, CO",U.S. Geological Survey,Stream Gage,,,,,,10/21/20 16:15,22.2,cfs,O,,9027100,5102131,5,51,GRAND,CO,14010001,,115,429159.9,4427013.9,39.990333,-105.829778,User supplied,10/21/20 16:24,https://dwr.state.co.us/Tools/Stations/FRATBRCO?params=DISCHRG
FRAUPPCO,FRASER RIVER,178386,28.71,DISCHRG,"FRASER RIVER AT UPPER STA, NEAR WINTER PARK, CO.",U.S. Geological Survey,Stream Gage,,,,,,10/21/20 16:15,4.41,cfs,O,,9022000,5102132,5,51,GRAND,CO,14010001,10,10,435669.2,4410915.4,39.84582,-105.751951,User supplied,10/21/20 16:34,https://dwr.state.co.us/Tools/Stations/FRAUPPCO?params=DISCHRG
FRAWINCO,FRASER RIVER,178386,24.03,DISCHRG,"FRASER RIVER AT WINTER PARK, CO.",U.S. Geological Survey,Stream Gage,,,,,,10/21/20 16:45,14,cfs,O,,9024000,5102133,5,51,GRAND,CO,14010001,0,27,433606.3,4416945.5,39.899987,-105.776674,User supplied,10/21/20 16:54,https://dwr.state.co.us/Tools/Stations/FRAWINCO?params=DISCHRG
FRYIVLCO,FRYINGPAN RIVER,174854,35.68,DISCHRG,"FRYINGPAN RIVER NEAR IVANHOE LAKE, CO.",DWR,Stream Gage,GAGE_HT,0.97,ft,O,,10/21/20 16:45,8.63,cfs,O,,9077200,3802058,5,38,PITKIN,CO,14010004,,18,367899,4345058,39.244793,-106.530823,User supplied,10/21/20 16:55,https://dwr.state.co.us/Tools/Stations/FRYIVLCO?params=DISCHRG
FRYMERCO,FRYINGPAN RIVER,174854,19.48,DISCHRG,"FRYINGPAN RIVER AT MEREDITH, CO.",DWR,Stream Gage,GAGE_HT,1.74,ft,O,,10/21/20 16:45,29.6,cfs,O,,9080100,3802057,5,38,PITKIN,CO,14010004,,191,350740.6,4358434.5,39.362484,-106.732536,User supplied,10/21/20 16:49,https://dwr.state.co.us/Tools/Stations/FRYMERCO?params=DISCHRG
FRYNFNCO,NORTH FORK FRYINGPAN RIVER,179749,0.39,DISCHRG,"NORTH FORK FRYINGPAN RIVER NEAR NORRIE, CO.",DWR,Stream Gage,GAGE_HT,1.91,ft,O,,10/21/20 16:45,2.25,cfs,O,,9078500,3802065,5,38,PITKIN,CO,14010004,0,42,356443.8,4356138,39.342766,-106.665871,User supplied,10/21/20 16:49,https://dwr.state.co.us/Tools/Stations/FRYNFNCO?params=DISCHRG
FRYRUDCO,FRYINGPAN RIVER,174854,13.7,DISCHRG,"FRYINGPAN RIVER NEAR RUEDI, CO.",U.S. Geological Survey,Stream Gage,,,,,,10/21/20 16:15,135,cfs,O,,9080400,3802059,5,38,PITKIN,CO,14010004,0,238,342729.8,4358931.7,39.365541,-106.825595,User supplied,10/21/20 16:34,https://dwr.state.co.us/Tools/Stations/FRYRUDCO?params=DISCHRG
FRYSFUCO,SOUTH FORK FRYINGPAN RIVER,179784,5.75,DISCHRG,SOUTH FORK FRYINGPAN RIVER AT UPPER  STATION NEAR NORRIE,DWR,Stream Gage,GAGE_HT,1.82,ft,O,,10/21/20 16:45,4.26,cfs,O,,9077800,3802075,5,38,PITKIN,CO,14010004,,11,362713,4344493,39.238899,-106.590784,User supplied,10/21/20 16:55,https://dwr.state.co.us/Tools/Stations/FRYSFUCO?params=DISCHRG
FRYTHOCO,FRYINGPAN RIVER,174854,23.42,DISCHRG,"FRYINGPAN RIVER NEAR THOMASVILLE, CO.",DWR,Stream Gage,GAGE_HT,1.68,ft,O,,10/21/20 16:30,20.4,cfs,O,,9078600,3802060,5,38,PITKIN,CO,14010004,,134,355765.1,4356427,39.345262,-106.673818,User supplied,10/21/20 16:44,https://dwr.state.co.us/Tools/Stations/FRYTHOCO?params=DISCHRG
GHICANCO,COLORADO RIVER,45730,61.8,DISCHRG,"GOVERNMENT HIGHLINE CANAL NEAR CAMEO, CO",DWR,Diversion Structure,GAGE_HT,10.48,ft,O,,10/21/20 16:30,1190,cfs,O,,,7200646,5,72,MESA,CO,14010005,,,214866.1,4341176,39.173099,-108.30055,User supplied,10/21/20 16:44,https://dwr.state.co.us/Tools/Stations/GHICANCO?params=DISCHRG
GLARESCO,COLORADO RIVER,45730,274.23,STORAGE,GRAND LAKE RESERVOIR,Northern Water,Storage Structure,,,,,,10/21/20 16:15,772.2,ACFT,O,,WR1924,5102147,5,51,GRAND,CO,,,,428970.7,4469346,40.371668,-105.836666,User supplied,10/21/20 16:42,https://dwr.state.co.us/Tools/Stations/GLARESCO?params=STORAGE
GORCRECO,GORE CREEK,176187,0.1,DISCHRG,"GORE CREEK AT MOUTH NEAR MINTURN, CO",U.S. Geological Survey,Stream Gage,,,,,,10/21/20 16:15,15,cfs,O,,9066510,3702081,5,37,EAGLE,CO,14010003,0,102,375711.8,4385410.5,39.60943,-106.447808,User supplied,10/21/20 16:34,https://dwr.state.co.us/Tools/Stations/GORCRECO?params=DISCHRG
GORREDCO,GORE CREEK,176187,4.05,DISCHRG,"GORE CREEK ABV RED SANDSTONE CREEK AT VAIL, CO  ",U.S. Geological Survey,Stream Gage,,,,,,10/21/20 16:45,13.3,cfs,O,,9066325,3702080,5,37,EAGLE,CO,14010003,0,77,380321.2,4388853.1,39.641097,-106.394752,User supplied,10/21/20 16:54,https://dwr.state.co.us/Tools/Stations/GORREDCO?params=DISCHRG
GORUPPCO,GORE CREEK,176187,11.49,DISCHRG,"GORE CREEK AT UPPER STATION, NEAR MINTURN, CO.",U.S. Geological Survey,Stream Gage,,,,,,10/21/20 16:15,2.13,cfs,O,,9065500,3702082,5,37,EAGLE,CO,14010003,0,14,390308.4,4387008.4,39.625819,-106.278082,User supplied,10/21/20 16:34,https://dwr.state.co.us/Tools/Stations/GORUPPCO?params=DISCHRG
GRARESCO,COLORADO RIVER,45730,266.45,STORAGE,GRANBY RESERVOIR,DWR,Storage Structure,ELEV,8270.25,ft,O,,10/21/20 16:15,470998,ACFT,O,,,5104055,5,51,GRAND,CO,14010001,,,425838.6,4448313,40.181925,-105.871121,User supplied,10/21/20 16:22,https://dwr.state.co.us/Tools/Stations/GRARESCO?params=STORAGE
GRDVALCO,COLORADO RIVER,45730,53.09,DISCHRG,"GRAND VALLEY CANAL NEAR PALISADE, CO",DWR,Diversion Structure,GAGE_HT,3.32,ft,O,,10/21/20 16:30,557,cfs,O,,,7200645,5,72,MESA,CO,14010005,,,210139,4333318,39.100849,-108.351823,Digitized,10/21/20 16:44,https://dwr.state.co.us/Tools/Stations/GRDVALCO?params=DISCHRG
GREELCCO,ELLIOTT CREEK,175623,0.6,DISCHRG,"ELLIOTT CREEK FEEDER CANAL TO GREEN MTN RES, CO",U.S. Geological Survey,Diversion Structure,,,,,,,0.39,cfs,O,,9056500,3600606,5,36,SUMMIT,CO,,,,386209.8,4414589.2,39.873725,-106.330597,User supplied,10/7/20 7:23,https://dwr.state.co.us/Tools/Stations/GREELCCO?params=DISCHRG
GRERESCO,BLUE RIVER,173194,15.77,STORAGE,GREEN MOUNTAIN RESERVOIR,DWR,Storage Structure,ELEV,7907.96,ft,O,,10/21/20 17:15,81003,ACFT,O,,,3603543,5,36,SUMMIT,CO,14010002,,,386290.1,4415097.8,39.878317,-106.329747,User supplied,10/21/20 17:19,https://dwr.state.co.us/Tools/Stations/GRERESCO?params=STORAGE
GRSVALCO,EAST RIFLE CREEK,173763,7.69,DISCHRG,"GRASS VALLEY CANAL NEAR RIFLE FALLS, CO",DWR,Diversion Structure,GAGE_HT,0.99,ft,O,,10/21/20 16:15,25.1,cfs,O,,,3900563,5,39,GARFIELD,CO,14010005,,,268566.2,4395250,39.675752,-107.698383,User supplied,10/21/20 16:26,https://dwr.state.co.us/Tools/Stations/GRSVALCO?params=DISCHRG
HOMGOLCO,HOMESTAKE CREEK,176113,10.92,DISCHRG,"HOMESTAKE CREEK AT GOLD PARK, CO.",U.S. Geological Survey,Stream Gage,,,,,,10/21/20 16:45,4.16,cfs,O,,9064000,3702083,5,37,EAGLE,CO,14010003,0,36,376591.7,4362761.7,39.405543,-106.433362,User supplied,10/21/20 17:04,https://dwr.state.co.us/Tools/Stations/HOMGOLCO?params=DISCHRG
HOMOUTCO,HOMESTAKE CREEK,176113,13.87,DISCHRG,HOMESTAKE RESERVOIR (OUTFLOW),DWR,Stream Gage,GAGE_HT,0.21,ft,O,,10/21/20 17:00,2.61,cfs,O,,,3704516,5,37,EAGLE,CO,,,,374320.9,4358480.1,39.366647,-106.458926,User supplied,10/21/20 17:03,https://dwr.state.co.us/Tools/Stations/HOMOUTCO?params=DISCHRG
HOMOUTCO,HOMESTAKE CREEK,176113,13.87,DISCHRG2,HOMESTAKE RESERVOIR (OUTFLOW),DWR,Stream Gage,GAGE_HT2,0.3,ft,O,,10/21/20 17:00,2.19,cfs,O,,,3704516,5,37,EAGLE,CO,,,,374320.9,4358480.1,39.366647,-106.458926,User supplied,10/21/20 17:03,https://dwr.state.co.us/Tools/Stations/HOMOUTCO?params=DISCHRG2
HOMRESCO,HOMESTAKE CREEK,176113,0,STORAGE,HOMESTAKE RESERVOIR,DWR,Storage Structure,ELEV,206.93,ft,O,,10/21/20 17:00,40428,ACFT,O,,,3703519,5,37,EAGLE,CO,14010003,,,373976.8,4358744.5,39.36898,-106.462977,User supplied,10/21/20 17:03,https://dwr.state.co.us/Tools/Stations/HOMRESCO?params=STORAGE
HSPCOMCO,BLUE RIVER,173194,64.54,DISCHRG1,HOOSIER PASS TUNNEL AT INLET (NORTH PORTAL),DWR,Diversion Structure,GAGE_HT1,-0.1,ft,O,,10/21/20 17:00,0,cfs,O,,,3604699,5,36,SUMMIT,CO,14010002,,,407780.7,4359589.5,39.380874,-106.070748,User supplied,10/21/20 17:03,https://dwr.state.co.us/Tools/Stations/HSPCOMCO?params=DISCHRG1
HSPCOMCO,BLUE RIVER,173194,64.54,DISCHRG2,HOOSIER PASS TUNNEL AT INLET (NORTH PORTAL),DWR,Diversion Structure,GAGE_HT2,1.44,ft,O,,10/21/20 17:00,32.9,cfs,O,,,3604699,5,36,SUMMIT,CO,14010002,,,407780.7,4359589.5,39.380874,-106.070748,User supplied,10/21/20 17:03,https://dwr.state.co.us/Tools/Stations/HSPCOMCO?params=DISCHRG2
HSPCOMCO,BLUE RIVER,173194,64.54,DISCHRG3,HOOSIER PASS TUNNEL AT INLET (NORTH PORTAL),DWR,Diversion Structure,GAGE_HT3,-0.1,ft,O,,10/21/20 17:00,0,cfs,O,,,3604699,5,36,SUMMIT,CO,14010002,,,407780.7,4359589.5,39.380874,-106.070748,User supplied,10/21/20 17:03,https://dwr.state.co.us/Tools/Stations/HSPCOMCO?params=DISCHRG3
HSPCOMCO,BLUE RIVER,173194,64.54,DISCHRG4,HOOSIER PASS TUNNEL AT INLET (NORTH PORTAL),DWR,Diversion Structure,GAGE_HT4,-0.1,ft,O,,10/21/20 17:00,,cfs,O,B,,3604699,5,36,SUMMIT,CO,14010002,,,407780.7,4359589.5,39.380874,-106.070748,User supplied,10/21/20 17:03,https://dwr.state.co.us/Tools/Stations/HSPCOMCO?params=DISCHRG4
HUNATACO,HUNTER CREEK,180061,0.11,DISCHRG,"HUNTER CREEK AT ASPEN, CO",U.S. Geological Survey,Stream Gage,,,,,,,0.49,cfs,O,,9074500,3802061,5,38,PITKIN,CO,,,,342928.8,4340201.8,39.196889,-106.818917,User supplied,10/1/20 7:37,https://dwr.state.co.us/Tools/Stations/HUNATACO?params=DISCHRG
IVALAKCO,FRYINGPAN RIVER,174854,35.13,STORAGE,IVANHOE LAKE,DWR,Storage Structure,ELEV,10936.24,ft,O,,10/21/20 17:00,236,ACFT,O,,,3803732,5,38,PITKIN,CO,,,,369871,4348153,39.272964,-106.508566,Digitized,10/21/20 17:10,https://dwr.state.co.us/Tools/Stations/IVALAKCO?params=STORAGE
IVCRNACO,IVANHOE CREEK,179780,2.86,DISCHRG,"IVANHOE CREEK NEAR NAST, CO.",DWR,Stream Gage,GAGE_HT,0.43,ft,O,,10/21/20 16:45,0.411,cfs,O,,9077610,3802063,5,38,PITKIN,CO,14010004,,9,365529.9,4349777.2,39.286932,-106.559198,User supplied,10/21/20 16:55,https://dwr.state.co.us/Tools/Stations/IVCRNACO?params=DISCHRG
KEYGUDCO,KEYSTONE CREEK,182372,0.64,DISCHRG,"KEYSTONE GULCH NEAR DILLON, CO.",U.S. Geological Survey,Stream Gage,,,,,,10/21/20 16:15,2.42,cfs,O,,9047700,3602059,5,36,SUMMIT,CO,14010002,0,9,416496.5,4383196.3,39.594431,-105.972516,User supplied,10/21/20 16:34,https://dwr.state.co.us/Tools/Stations/KEYGUDCO?params=DISCHRG
LAKNEDCO,LAKE CREEK,175885,0.33,DISCHRG,"LAKE CREEK NEAR EDWARDS, CO",U.S. Geological Survey,Stream Gage,,,,,,10/21/20 16:45,10.2,cfs,O,,9067200,3702084,5,37,EAGLE,CO,14010003,0,49,361932,4389870.1,39.647486,-106.6092,User supplied,10/21/20 16:54,https://dwr.state.co.us/Tools/Stations/LAKNEDCO?params=DISCHRG
LINGRRCO,LINCOLN CREEK,180316,6.57,DISCHRG,"LINCOLN CREEK BELOW GRIZZLY RESERVOIR NR ASPEN, CO",U.S. Geological Survey,Stream Gage,,,,,,10/21/20 16:15,11.4,cfs,O,,9073005,3802064,5,38,PITKIN,CO,14010004,0,15,360171.6,4326924.2,39.080236,-106.616583,User supplied,10/21/20 16:24,https://dwr.state.co.us/Tools/Stations/LINGRRCO?params=DISCHRG
MCCDIVCO,MCCULLOUGH GULCH CREEK,179671,1.65,DISCHRG,"MCCULLOUGH-SP-CRYS-DIVERSION NEAR HOOSIER PASS, CO",U.S. Geological Survey,Diversion Structure,,,,,,10/21/20 17:00,0,cfs,O,,9044800,3604690,5,36,SUMMIT,CO,14010002,0,0,407747.1,4359585.3,39.380822,-106.07113,User supplied,10/21/20 17:04,https://dwr.state.co.us/Tools/Stations/MCCDIVCO?params=DISCHRG
MONTDOCO,BLUE RIVER,173194,64.54,DISCHRG,"MONTE CRISTO DIVERSION NEAR HOOSIER PASS, CO",U.S. Geological Survey,Diversion Structure,,,,,,10/21/20 17:00,32.1,cfs,O,,9041900,3604683,5,36,SUMMIT,CO,14010002,0,0,407723.2,4359585.6,39.380822,-106.071408,User supplied,10/21/20 17:04,https://dwr.state.co.us/Tools/Stations/MONTDOCO?params=DISCHRG
MUDAACCO,MUDDY CREEK,172999,23.62,DISCHRG,"MUDDY CREEK ABOVE ANTELOPE CREEK NR. KREMMLING, CO",U.S. Geological Survey,Stream Gage,,,,,,10/21/20 16:45,8.39,cfs,O,,9041090,5002003,5,50,GRAND,CO,14010001,0,145,378930.2,4451201.6,40.202484,-106.422534,User supplied,10/21/20 17:04,https://dwr.state.co.us/Tools/Stations/MUDAACCO?params=DISCHRG
MUDKRECO,MUDDY CREEK,172999,13.06,DISCHRG,"MUDDY CRK BLW WOLFORD MTN RESER. NR KREMMLING, CO",U.S. Geological Survey,Stream Gage,,,,,,10/21/20 16:30,19.7,cfs,O,,9041400,5002004,5,50,GRAND,CO,14010001,0,270,379497.4,4440768.4,40.108596,-106.413921,User supplied,10/21/20 16:44,https://dwr.state.co.us/Tools/Stations/MUDKRECO?params=DISCHRG
MULTRICO,WEST DIVIDE CREEK,174787,1.74,DISCHRG,MULTA-TRINA DITCH NEAR SILT CO,DWR,Diversion Structure,GAGE_HT,-0.02,ft,O,,10/21/20 16:15,0,cfs,O,,,4500704,5,45,GARFIELD,CO,,,,274136,4371037,39.459302,-107.625268,Digitized,10/21/20 16:28,https://dwr.state.co.us/Tools/Stations/MULTRICO?params=DISCHRG
NORINLET,NORTH INLET,177766,0,DISCHRG,NORTH INLET CREEK,Northern Water,Stream Gage,,,,,,10/21/20 16:00,7.81,cfs,O,,WS1921,5102135,5,51,GRAND,CO,,,,430466.4,4431558,40.031378,-105.814964,User supplied,10/21/20 16:32,https://dwr.state.co.us/Tools/Stations/NORINLET?params=DISCHRG
ORCHIDCO,COLORADO RIVER,45730,56.87,Q_LRN,ORCHARD MESA IRRIGATION DISTRICT ABOVE PALISADE,DWR,Diversion Structure,,,,,,10/21/20 16:15,662,cfs,O,Eqp,,7200813,5,72,MESA,CO,14010005,,,212612,4334134,39.109008,-108.323617,User supplied,10/21/20 16:25,https://dwr.state.co.us/Tools/Stations/ORCHIDCO?params=Q_LRN
ORCHIDCO,COLORADO RIVER,45730,56.87,Q_RAW,ORCHARD MESA IRRIGATION DISTRICT ABOVE PALISADE,DWR,Diversion Structure,,,,,,10/21/20 16:15,606,cfs,O,Eqp,,7200813,5,72,MESA,CO,14010005,,,212612,4334134,39.109008,-108.323617,User supplied,10/21/20 16:25,https://dwr.state.co.us/Tools/Stations/ORCHIDCO?params=Q_RAW
ORCHIDCO,COLORADO RIVER,45730,56.87,DISCHRG,ORCHARD MESA IRRIGATION DISTRICT ABOVE PALISADE,DWR,Diversion Structure,GAGE_HT,7.85,ft,O,,10/21/20 16:15,633,cfs,O,,,7200813,5,72,MESA,CO,14010005,,,212612,4334134,39.109008,-108.323617,User supplied,10/21/20 16:25,https://dwr.state.co.us/Tools/Stations/ORCHIDCO?params=DISCHRG
OWECRECO,OWENS CREEK,174929,4.9,DISCHRG,"OWENS CREEK DITCH NEAR RENO MOUNTAIN, CO",DWR,Diversion Structure,GAGE_HT,-0.08,ft,O,,10/21/20 16:15,0,cfs,O,,,7204721,5,72,MESA,CO,14010005,,,276758.9,4346781.8,39.241645,-107.586732,User supplied,10/21/20 16:22,https://dwr.state.co.us/Tools/Stations/OWECRECO?params=DISCHRG
PINSTBCO,PINEY RIVER,175797,6.39,DISCHRG,"PINEY RIVER NEAR STATE BRIDGE, CO",U.S. Geological Survey,Stream Gage,,,,,,10/21/20 16:15,10.2,cfs,O,,9059500,5202013,5,52,EAGLE,CO,14010001,0,86,365211.5,4406270.1,39.795722,-106.574347,User supplied,10/21/20 16:34,https://dwr.state.co.us/Tools/Stations/PINSTBCO?params=DISCHRG
PLACAMCO,PLATEAU CREEK,174440,1.32,DISCHRG,"PLATEAU CREEK NEAR CAMEO, CO",U.S. Geological Survey,Stream Gage,,,,,,10/21/20 16:00,23.8,cfs,O,,9105000,7202014,5,72,MESA,CO,14010005,0,592,217691,4342242.7,39.183611,-108.268333,GPS,10/21/20 16:24,https://dwr.state.co.us/Tools/Stations/PLACAMCO?params=DISCHRG
PTMDGPCO,SOUTH CANYON CREEK,174795,5.56,DISCHRG,"PORTER THREE MILE DITCH AT GARFIELD PASS, CO",DWR,Diversion Structure,GAGE_HT,-1310.72,ft,O,,10/21/20 16:15,0,cfs,O,,,4501143,5,45,GARFIELD,CO,,,,292045.3,4373354.5,39.484673,-107.418012,User supplied,10/21/20 16:25,https://dwr.state.co.us/Tools/Stations/PTMDGPCO?params=DISCHRG
PTMDTPCO,THREEMILE CREEK,174816,7.8,DISCHRG,"PORTER THREE MILE DITCH AT THREE MILE PASS, CO",DWR,Diversion Structure,GAGE_HT,-1310.72,ft,O,,,0,cfs,O,,,3804717,5,45,GARFIELD,CO,,,,294085.5,4373952,39.490548,-107.394485,User supplied,7/20/20 14:25,https://dwr.state.co.us/Tools/Stations/PTMDTPCO?params=DISCHRG
RANFRACO,RANCH CREEK,180941,10.4,DISCHRG,"RANCH CREEK NEAR FRASER, CO.",U.S. Geological Survey,Stream Gage,,,,,,10/21/20 16:30,4.93,cfs,O,,9032000,5102137,5,51,GRAND,CO,14010001,0,19,434603.7,4422486.8,39.949987,-105.765563,User supplied,10/21/20 16:54,https://dwr.state.co.us/Tools/Stations/RANFRACO?params=DISCHRG
RANMEACO,ROCK CREEK,173234,1.37,DISCHRG,"RANCH CREEK BLW MEADOW CR NR TABERNASH, CO",U.S. Geological Survey,Stream Gage,,,,,,10/13/20 6:15,10.8,cfs,O,,9033100,5102136,5,51,GRAND,CO,14010001,0,65,429313,4427975,39.999006,-105.828094,User supplied,10/13/20 6:34,https://dwr.state.co.us/Tools/Stations/RANMEACO?params=DISCHRG
RFCMERCO,ROCKY FORK CREEK,179718,0,DISCHRG,"ROCKY FORK CREEK NEAR MEREDITH, CO.",DWR,Stream Gage,GAGE_HT,0.43,ft,O,,10/21/20 17:15,2.96,cfs,O,,9080300,3802073,5,38,PITKIN,CO,14010004,,,343155.4,4358477.5,39.361538,-106.820567,User supplied,10/21/20 17:19,https://dwr.state.co.us/Tools/Stations/RFCMERCO?params=DISCHRG
RIFRESCO,RIFLE CREEK,173898,11.11,STORAGE,"RIFLE GAP RESERVOIR NEAR RIFLE, CO",DWR,Storage Structure,ELEV,5920.45,ft,O,,10/21/20 17:00,3349,ACFT,O,,9091900,3903508,5,39,GARFIELD,CO,14010005,,,263301.1,4389941,39.62653,-107.757803,User supplied,10/21/20 17:06,https://dwr.state.co.us/Tools/Stations/RIFRESCO?params=STORAGE
RIFRGRCO,RIFLE CREEK,173898,11.13,DISCHRG,RIFLE CREEK BELOW RIFLE GAP RESERVOIR,DWR,Stream Gage,GAGE_HT,0.46,ft,O,,10/21/20 17:00,5.05,cfs,O,,,3902029,5,39,GARFIELD,CO,14010005,,,263121.2,4389920,39.626291,-107.75989,User supplied,10/21/20 17:06,https://dwr.state.co.us/Tools/Stations/RIFRGRCO?params=DISCHRG
ROAASPCO,ROARING FORK RIVER,174812,46.9,DISCHRG,"ROARING FORK RIVER NEAR ASPEN, CO.",U.S. Geological Survey,Stream Gage,,,,,,10/21/20 16:30,28.9,cfs,O,,9073400,3802071,5,38,PITKIN,CO,14010004,108,108,344353.9,4338296.9,39.179988,-106.801983,User supplied,10/21/20 16:44,https://dwr.state.co.us/Tools/Stations/ROAASPCO?params=DISCHRG
ROADIFCO,ROARING FORK RIVER,174812,51.64,DISCHRG,"ROARING FORK RIVER AB DIFFICULT C NR ASPEN, CO.",U.S. Geological Survey,Stream Gage,,,,,,10/21/20 16:45,20.7,cfs,O,,9073300,3802067,5,38,PITKIN,CO,14010004,0,75,346669.1,4333933.6,39.1411,-106.774204,User supplied,10/21/20 16:54,https://dwr.state.co.us/Tools/Stations/ROADIFCO?params=DISCHRG
ROAEMMCO,ROARING FORK RIVER,174812,22.89,DISCHRG,"ROARING FORK RIVER NEAR EMMA, CO",U.S. Geological Survey,Stream Gage,,,,,,10/21/20 16:30,298,cfs,O,,9081000,3802072,5,38,EAGLE,CO,14010004,853,853,320492.5,4360276.6,39.373317,-107.083937,User supplied,10/21/20 16:44,https://dwr.state.co.us/Tools/Stations/ROAEMMCO?params=DISCHRG
ROAGLECO,ROARING FORK RIVER,174812,0.42,DISCHRG,"ROARING FORK RIVER AT GLENWOOD SPRINGS, CO.",U.S. Geological Survey,Stream Gage,,,,,,10/21/20 16:30,543,cfs,O,,9085000,3802069,5,38,GARFIELD,CO,14010004,1451,1451,299826.6,4379694,39.543593,-107.329498,User supplied,10/21/20 16:54,https://dwr.state.co.us/Tools/Stations/ROAGLECO?params=DISCHRG
ROALMCCO,ROARING FORK RIVER,174812,61.87,DISCHRG,"ROARING FORK RIVER ABV LOST MAN CR NEAR ASPEN, CO",U.S. Geological Survey,Stream Gage,,,,,,10/21/20 16:15,0,cfs,O,,9072550,3802068,5,38,PITKIN,CO,14010004,0,9,359614.8,4331277.7,39.119361,-106.623917,User supplied,10/21/20 16:24,https://dwr.state.co.us/Tools/Stations/ROALMCCO?params=DISCHRG
RUERESCO,FRYINGPAN RIVER,174854,14.28,STORAGE,RUEDI RESERVOIR NEAR BASALT,DWR,Storage Structure,ELEV,7722.67,ft,O,,10/21/20 17:15,64813,ACFT,O,,,3803713,5,38,PITKIN,CO,14010004,,,343320.1,4358714.5,39.363693,-106.818708,User supplied,10/21/20 17:19,https://dwr.state.co.us/Tools/Stations/RUERESCO?params=STORAGE
SHARESCO,COLORADO RIVER,45730,272.87,STORAGE,SHADOW MOUNTAIN RESERVOIR,DWR,Storage Structure,ELEV,8366.57,ft,O,,10/21/20 16:15,17578,ACFT,O,,,5103695,5,51,GRAND,CO,14010001,,,428394.6,4451095,40.207209,-105.84141,User supplied,10/21/20 16:22,https://dwr.state.co.us/Tools/Stations/SHARESCO?params=STORAGE
SLOFRACO,SAINT LOUIS CREEK,181304,4.83,DISCHRG,"ST. LOUIS CREEK NEAR FRASER, CO.",U.S. Geological Survey,Stream Gage,,,,,,10/21/20 16:30,5.85,cfs,O,,9026500,5102138,5,51,GRAND,CO,14010001,0,32,424925.8,4418135.9,39.909987,-105.878345,User supplied,10/21/20 16:54,https://dwr.state.co.us/Tools/Stations/SLOFRACO?params=DISCHRG
SNAKEYCO,SNAKE RIVER,176197,6.45,DISCHRG,SNAKE RIVER AT KEYSTONE SKI AREA,DWR,Stream Gage,GAGE_HT2,1.55,ft,O,,10/21/20 16:45,12,cfs,O,,,3602060,5,36,SUMMIT,CO,14010002,,,418298.8,4384542,39.606735,-105.951703,User supplied,10/21/20 16:51,https://dwr.state.co.us/Tools/Stations/SNAKEYCO?params=DISCHRG
SNAMONCO,SNAKE RIVER,176197,7,DISCHRG,"SNAKE RIVER NEAR MONTEZUMA, CO.",U.S. Geological Survey,Stream Gage,,,,,,10/21/20 16:15,16.1,cfs,O,,9047500,3602061,5,36,SUMMIT,CO,14010002,0,57,419032.4,4384382.4,39.605361,-105.943131,User supplied,10/21/20 16:24,https://dwr.state.co.us/Tools/Stations/SNAMONCO?params=DISCHRG
SNOCRECO,SNOWMASS CREEK,175217,10.88,DISCHRG,SNOWMASS CREEK,DWR,Stream Gage,GAGE_HT,1.69,ft,O,,10/21/20 16:45,15.8,cfs,O,,9077000,3802074,5,38,PITKIN,CO,14010004,,,329007.8,4341830,39.20893,-106.98046,User supplied,10/21/20 16:54,https://dwr.state.co.us/Tools/Stations/SNOCRECO?params=DISCHRG
SOCAMECO,MESA CREEK,174453,6.89,DISCHRG,"SOUTHSIDE CANAL AT MESA, CO",DWR,Diversion Structure,GAGE_HT,0.01,ft,O,,10/21/20 16:15,0,cfs,O,,,7204709,5,72,MESA,CO,,,,227797,4332668,39.10069,-108.147671,User supplied,10/21/20 16:25,https://dwr.state.co.us/Tools/Stations/SOCAMECO?params=DISCHRG
STRABLCO,STRAIGHT CREEK,175967,1.84,DISCHRG,"STRAIGHT CR BLW LASKEY GULCH NR DILLON, CO",U.S. Geological Survey,Stream Gage,,,,,,10/21/20 17:00,5.43,cfs,O,,9051050,3602062,5,36,SUMMIT,CO,14010002,0,18,410734.7,4388286.7,39.639709,-106.040296,User supplied,10/21/20 17:14,https://dwr.state.co.us/Tools/Stations/STRABLCO?params=DISCHRG
TCBWTCCO,TENMILE CREEK,176191,10.44,DISCHRG,"TENMILE CREEK BELOW WEST TENMILE CREEK, CO",DWR,Stream Gage,GAGE_HT,1.28,ft,O,,10/21/20 16:30,12.5,cfs,O,,,3602065,5,36,SUMMIT,CO,,,,401832.3,4374006.5,39.51009,-106.141928,User supplied,10/21/20 16:32,https://dwr.state.co.us/Tools/Stations/TCBWTCCO?params=DISCHRG
TENFRICO,TENMILE CREEK,176191,4.82,DISCHRG,"TENMILE CREEK BL NORTH TENMILE C, AT FRISCO, CO.",U.S. Geological Survey,Stream Gage,,,,,,10/21/20 16:00,21.3,cfs,O,,9050100,3602064,5,36,SUMMIT,CO,14010002,0,93,404615.6,4381206.3,39.575264,-106.110577,User supplied,10/21/20 16:24,https://dwr.state.co.us/Tools/Stations/TENFRICO?params=DISCHRG
THOMUPCO,WOLF CREEK,174970,1.65,DISCHRG,"THOMPSON CREEK FEEDER DITCH NEAR HAYSTACK, CO",DWR,Diversion Structure,GAGE_HT,0.1,ft,O,,,0.423,cfs,O,,,3804680,5,45,MESA,CO,14010004,,,289700,4353333,39.303863,-107.438968,User supplied,7/24/20 12:28,https://dwr.state.co.us/Tools/Stations/THOMUPCO?params=DISCHRG
VASWINCO,VASQUEZ CREEK,180939,0.26,DISCHRG,"VASQUEZ CREEK AT WINTER PARK, CO",U.S. Geological Survey,Stream Gage,,,,,,10/21/20 16:45,8.36,cfs,O,,9025000,5102139,5,51,GRAND,CO,14010001,0,27,432889.9,4419202.6,39.920265,-105.785286,User supplied,10/21/20 17:04,https://dwr.state.co.us/Tools/Stations/VASWINCO?params=DISCHRG
VEGRESCO,PLATEAU CREEK,174440,33.64,STORAGE,"VEGA RESERVOIR NEAR COLLBRAN, CO",U.S. Geological Survey,Storage Structure,,,,,,10/21/20 17:00,4312,ACFT,O,,9096100,7203844,5,72,MESA,CO,14010005,,,257280.5,4345511.1,39.22498,-107.81173,User supplied,10/21/20 17:14,https://dwr.state.co.us/Tools/Stations/VEGRESCO?params=STORAGE
WESRIFCO,WEST RIFLE CREEK,173888,1.79,DISCHRG,WEST RIFLE CREEK ABOVE RIFLE GAP RESERVOIR,DWR,Stream Gage,GAGE_HT,0.36,ft,O,,10/21/20 16:30,1.82,cfs,O,,,3902030,5,39,GARFIELD,CO,,,,261601.3,4391909,39.64377,-107.778297,User supplied,10/21/20 16:40,https://dwr.state.co.us/Tools/Stations/WESRIFCO?params=DISCHRG
WGPBPFCO,COLORADO RIVER,45730,257.42,DISCHRG,WINDY GAP BYPASS FLUME,Northern Water,Stream Gage,,,,,,10/21/20 13:30,6.8,cfs,O,,WS1931,5102146,5,51,,CO,,,,,,,,,10/21/20 14:22,https://dwr.state.co.us/Tools/Stations/WGPBPFCO?params=DISCHRG
WILABVCO,WILLOW CREEK,173044,6.2,DISCHRG,WILLOW CREEK ABOVE WILLOW CREEK RESERVOIR,Northern Water,Stream Gage,,,,,,10/21/20 16:00,10.97,cfs,O,,WS1930,5102144,5,51,GRAND,CO,,,,416437.3,4445503.5,40.155733,-105.981172,User supplied,10/21/20 16:32,https://dwr.state.co.us/Tools/Stations/WILABVCO?params=DISCHRG
WILCANCO,WILLOW CREEK,173044,1.87,DISCHRG,WILLOW CREEK PUMP CANAL,DWR,Diversion Structure,GAGE_HT,0,ft,O,,10/21/20 16:15,0,cfs,O,,,5100958,5,51,GRAND,CO,14010001,,,423148,4444119,40.143906,-105.902232,Digitized,10/21/20 16:23,https://dwr.state.co.us/Tools/Stations/WILCANCO?params=DISCHRG
WILDARCO,WILLIAMS FORK,173243,26.36,DISCHRG,"WILLIAMS FORK ABOVE DARLING CREEK, NEAR LEAL, CO",U.S. Geological Survey,Stream Gage,,,,,,10/21/20 16:30,6.66,cfs,O,,9035700,5102140,5,51,GRAND,CO,14010001,0,35,412192.4,4405751.2,39.797194,-106.025639,User supplied,10/21/20 16:44,https://dwr.state.co.us/Tools/Stations/WILDARCO?params=DISCHRG
WILFORCO,WILLIAMS FORK,173243,2.15,DISCHRG,"WILLIAMS FORK BELOW WILLIAMS FORK RESERVOIR, CO",U.S. Geological Survey,Stream Gage,,,,,,10/21/20 16:45,31.8,cfs,O,,9038500,5102141,5,51,GRAND,CO,14010001,0,230,397192.9,4432440.3,40.035928,-106.205014,User supplied,10/21/20 17:04,https://dwr.state.co.us/Tools/Stations/WILFORCO?params=DISCHRG
WILLEACO,WILLIAMS FORK,173243,21.51,DISCHRG,"WILLIAMS FORK NEAR LEAL, CO.",U.S. Geological Survey,Stream Gage,,,,,,10/21/20 16:30,21.2,cfs,O,,9036000,5102142,5,51,GRAND,CO,14010001,0,89,409606.2,4409853,39.833875,-106.056408,User supplied,10/21/20 16:44,https://dwr.state.co.us/Tools/Stations/WILLEACO?params=DISCHRG
WILPARCO,WILLIAMS FORK,173243,5.82,DISCHRG,"WILLIAMS FORK NEAR PARSHALL, CO",U.S. Geological Survey,Stream Gage,,,,,,10/21/20 16:30,24.6,cfs,O,,9037500,5102143,5,51,GRAND,CO,14010001,184,184,399243.2,4428446.5,40.0002,-106.180367,User supplied,10/21/20 16:44,https://dwr.state.co.us/Tools/Stations/WILPARCO?params=DISCHRG
WILRESCO,WILLOW CREEK,173044,3.8,STORAGE,WILLOW CREEK RESERVOIR,DWR,Storage Structure,ELEV,8117.7,ft,O,,10/21/20 16:15,7374,ACFT,O,,,5103710,5,51,GRAND,CO,14010001,,,419950,4444376,40.145923,-105.939803,User supplied,10/21/20 16:23,https://dwr.state.co.us/Tools/Stations/WILRESCO?params=STORAGE
WILWCRCO,WILLOW CREEK,173044,3.59,DISCHRG,WILLOW CREEK BELOW WILLOW CREEK RESERVOIR,U.S. Geological Survey,Stream Gage,,,,,,10/21/20 16:45,7.33,cfs,O,,9021000,5102145,5,51,GRAND,CO,14010001,,0,419951.6,4444374,40.145905,-105.939779,User supplied,10/21/20 17:04,https://dwr.state.co.us/Tools/Stations/WILWCRCO?params=DISCHRG
WOLRESCO,MUDDY CREEK,172999,13.16,STORAGE,"WOLFORD MTN RESERVOIR NR KREMMLING, CO",U.S. Geological Survey,Storage Structure,,,,,,10/21/20 16:30,56530,ACFT,O,,9041395,5003668,5,50,GRAND,CO,14010001,,,379410.1,4441232.4,40.112763,-106.415032,User supplied,10/21/20 16:44,https://dwr.state.co.us/Tools/Stations/WOLRESCO?params=STORAGE
WSDRAVCO,WEST DIVIDE CREEK,174787,14.53,DISCHRG,"WEST DIVIDE CREEK NEAR RAVEN, CO",DWR,Stream Gage,GAGE_HT,0.77,ft,O,,10/21/20 16:15,0.095,cfs,O,,9089500,4502011,5,45,MESA,CO,14010005,0,64,277609,4356692,39.331079,-107.580175,User supplied,10/21/20 16:28,https://dwr.state.co.us/Tools/Stations/WSDRAVCO?params=DISCHRG